PAN;DACH;WORK;MARK
2500980000000000519512;0;1.2084;1
2500980000000000721983;0;1.1688;1
2500980000000000013457;0;1.0111;0.5
2500980000000000547940;0;0.5551;1
2500980000000000755954;0;1.2974;0.5
2500980000000000847630;0;0.0733;0
2500980000000000351320;0;-0.2299;0.5
2500980000000000570390;0;1.0267;0.5
2500980000000000626056;0;0.8102;1
2500980000000000494488;0;1.455;0
2500980000000000862162;0;0.6936;0.5
2500980000000000812173;0;1.0123;0.5
2500980000000001019886;0;1.2756;0
2500980000000000833054;0;0.8517;0.5
2500980000000000640874;0;1.3111;1
2500980000000000512217;0;-0.0272;0
2500980000000000625674;0;0.5276;0
2500980000000000666792;0;1.231;1
2500980000000000699491;0;-0.3867;1
2500980000000000644889;1;-0.0373;0
2500980000000000998294;0;0.5152;1
2500980000000000998932;0;0.1943;0.5
2500980000000000206360;0;0.8567;1
2500980000000000685087;0;0.623;0.5
2500980000000000015398;1;0.9333;1
2500980000000000641030;1;0.0918;0
2500980000000000726512;0;0.884;1
2500980000000000664655;0;0;1
2500980000000000581129;0;0.3418;0.5
2500980000000000814722;0;0.0493;1
2500980000000000579415;0;-0.0594;0.5
2500980000000000686452;0;0.077;0
2500980000000001046928;0;0.6795;1
2500980000000000786473;0;0.4239;0.5
2500980000000000644096;1;1.0326;0
2500980000000000444518;0;-0.3445;1
2500980000000000624930;0;0.1607;0.5
2500980000000000199896;0;0.5633;0.5
2500980000000000216186;0;-0.1392;0.5
2500980000000000869507;0;0.2473;1
2500980000000000600834;0;-0.2828;0.5
2500980000000000667476;0;0.5974;1
2500980000000000666349;0;0.702;0.5
2500980000000000615918;0;-0.0429;1
2500980000000000383300;0;0.5486;1
2500980000000000542934;1;0.5023;0
2500980000000000960786;0;0.6971;1
2500980000000000584427;0;1.1591;0.5
2500980000000000739676;0;0.1036;0.5
2500980000000000858433;0;0.1191;0.5
2500980000000000681750;0;0.5072;0
2500980000000000519308;0;1.164;0
2500980000000000623693;0;0.8598;1
2500980000000000388295;0;0;1
2500980000000000836466;0;0.2421;1
2500980000000000390406;0;0.759;0.5
2500980000000000508511;0;0.4014;0
2500980000000000852178;0;0.8545;0
2500980000000000546818;0;-0.1537;1
2500980000000000812166;0;0.4589;1
2500980000000000548260;0;0;0.5
2500980000000000650285;0;0.2799;1
2500980000000000071074;0;0.5007;0.5
2500980000000000498549;0;1.0102;0
2500980000000000921363;0;-0.0358;1
2500980000000000023934;0;1.012;1
2500980000000000836856;0;0.2;0
2500980000000000995466;0;0.8028;1
2500980000000000859808;0;1.0531;1
2500980000000000996433;0;1.1289;0.5
2500980000000000717785;0;-0.0079;1
2500980000000000735621;0;0.8128;0
2500980000000000955273;0;1.1962;0.5
2500980000000000661234;0;0.2519;0.5
2500980000000000550163;0;0.7659;0
2500980000000000583444;0;-0.2326;0
2500980000000000677800;0;-0.1866;1
2500980000000000496481;0;0.2686;0.5
2500980000000000487242;1;0.5253;0.5
2500980000000000998437;1;0.2207;0
2500980000000000775617;0;0.6886;0.5
2500980000000000890421;0;0.8626;0.5
2500980000000000673233;1;0.246;0
2500980000000000765154;0;0.9762;0.5
2500980000000001016422;0;1.4178;0.5
2500980000000000527385;0;0.3403;0
2500980000000000641249;0;0;0.5
2500980000000000683721;0;1.0715;0.5
2500980000000000205256;0;0.084;1
2500980000000000952683;0;0.0446;1
2500980000000000626398;0;0.7417;0
2500980000000000776032;0;0.1524;1
2500980000000000714810;0;1.2027;1
2500980000000000368272;0;0;0.5
2500980000000000927902;0;-0.2217;0
2500980000000000501292;1;-0.0716;0.5
2500980000000000789212;0;1.0066;0.5
2500980000000000959334;0;-0.1449;1
2500980000000000646614;1;0.9441;0.5
2500980000000000899753;0;0.6964;0
2500980000000000860178;0;0.5251;0
2500980000000000737408;0;1.0554;0.5
2500980000000000821260;0;0.3021;1
2500980000000001018616;0;0.2125;0.5
2500980000000000597106;0;0.8747;0
2500980000000000875600;0;0.9081;1
2500980000000000983229;0;0.5012;0.5
2500980000000000515213;0;0.8798;0
2500980000000000671742;0;0.2265;0.5
2500980000000000550518;1;0.0231;1
2500980000000000793268;0;0.0299;1
2500980000000000538016;0;1.0828;0.5
2500980000000000534769;0;-0.2852;0.5
2500980000000000812163;0;0.7012;1
2500980000000000897499;0;0.0481;0
2500980000000000754678;0;-0.2103;1
2500980000000000702605;0;0.2564;0
2500980000000001001940;0;-0.335;0.5
2500980000000000709474;0;0.1219;0.5
2500980000000000708220;0;0;0
2500980000000000889773;0;0.5892;0
2500980000000000737107;0;0.9635;0
2500980000000000217759;0;0.1843;1
2500980000000000888408;0;0.1493;0.5
2500980000000000793120;0;1.0373;1
2500980000000000997110;0;0.2082;0
2500980000000000621623;0;-0.2315;0
2500980000000000815682;1;1.1403;0.5
2500980000000000601046;0;0.6797;1
2500980000000001014883;0;0.5396;0
2500980000000000979482;1;0.2339;1
2500980000000000677239;0;0.8927;1
2500980000000000533908;1;0.5843;1
2500980000000000980139;0;0.7832;1
2500980000000000925905;0;0.6181;0.5
2500980000000000502588;0;0.9368;0.5
2500980000000000505811;0;0.8074;0.5
2500980000000000599476;0;0.8807;0.5
2500980000000000868712;0;-0.0308;1
2500980000000000523624;0;0.264;1
2500980000000000665278;0;0.2922;0
2500980000000000238691;0;0.3623;0
2500980000000000935193;0;0.851;0.5
2500980000000000839161;0;-0.1178;0
2500980000000000538930;0;-0.2504;1
2500980000000000527734;1;-0.0626;0
2500980000000000929577;0;0.1901;0
2500980000000000911612;1;-0.0291;0.5
2500980000000000504284;1;0.1297;0.5
2500980000000000505072;0;0.8013;1
2500980000000000642607;0;1.1793;0
2500980000000000632523;0;0.2721;0
2500980000000000957628;0;0.3401;1
2500980000000000524180;0;0.3926;1
2500980000000000530856;0;1.1004;0
2500980000000000838831;0;-0.3633;0.5
2500980000000000888334;0;0.6498;0.5
2500980000000000894537;0;0.3637;1
2500980000000000608519;1;1.0464;0
2500980000000000646327;0;-0.1636;0
2500980000000000768447;1;-0.409;0.5
2500980000000000999286;0;0.3479;1
2500980000000000704454;0;1.3156;0.5
2500980000000000548603;0;1.1912;0.5
2500980000000001077991;0;0.1988;0
2500980000000000847743;0;-0.1296;0
2500980000000000955314;0;0.5068;1
2500980000000000526754;0;0.9301;0.5
2500980000000000867607;1;0.8491;1
2500980000000000894041;0;0.5735;0.5
2500980000000000548094;0;0.4011;1
2500980000000000573086;0;0.5154;1
2500980000000000618633;0;0.0064;1
2500980000000000713828;0;-0.0087;0.5
2500980000000001006160;0;0.3026;1
2500980000000000708292;0;0.8279;0.5
2500980000000000605883;0;0.5281;0.5
2500980000000000644895;0;0.9566;1
2500980000000000559257;0;0.3945;0.5
2500980000000000572963;0;0.3986;0
2500980000000000965307;0;0.554;1
2500980000000000818995;0;1.154;1
2500980000000000757797;0;0.6548;1
2500980000000000929264;0;0.1798;0.5
2500980000000000340972;0;-0.0017;0.5
2500980000000000763108;0;0.2964;1
2500980000000000826325;0;-0.1297;0.5
2500980000000000511608;0;1.0482;1
2500980000000000882404;0;0.6025;0
2500980000000000980824;1;1.1581;1
2500980000000000564808;0;1.2142;0
2500980000000000830146;1;-0.0343;1
2500980000000000730188;0;-0.323;1
2500980000000000502982;0;0.9992;0
2500980000000000731290;0;0.8337;1
2500980000000000561059;0;0.6313;0.5
2500980000000000684248;0;0.5237;0
2500980000000000587204;0;0.3208;0
2500980000000000866208;0;0.4181;1
2500980000000000911969;0;-0.1177;0.5
2500980000000000808669;0;0.9617;0
2500980000000000650834;0;-0.0451;1
2500980000000000980349;0;0.9203;1
2500980000000000841629;1;0.5267;1
2500980000000000489792;0;0.8029;0
2500980000000000771830;0;0;1
2500980000000000528493;1;1.1219;1
2500980000000000798883;0;0.4442;0.5
2500980000000000609870;0;0.8988;0
2500980000000000199537;1;0.0415;0
2500980000000000491261;0;0.827;0
2500980000000000049088;0;0.1583;1
2500980000000000964218;0;0.3696;0.5
2500980000000000514408;0;0.8272;0.5
2500980000000000524853;0;0.3535;0
2500980000000000529700;0;1.346;1
2500980000000000675968;0;1.236;0.5
2500980000000000864845;0;0.3735;0.5
2500980000000000601999;0;0.1505;0
2500980000000000662204;1;0.9069;0.5
2500980000000000991179;0;1.1502;0
2500980000000000901858;0;-0.2096;0.5
2500980000000000876373;0;0.425;0
2500980000000000703803;0;0.0543;1
2500980000000000897454;0;0.0474;0.5
2500980000000000040773;0;0.3265;0
2500980000000000787307;0;0.2048;1
2500980000000000811014;0;0.9124;1
2500980000000000856761;0;0.7383;1
2500980000000000717113;1;0.5016;0
2500980000000000891546;1;0.5314;0
2500980000000000885312;0;1.2082;0
2500980000000000652708;0;0.2832;1
2500980000000000502087;0;-0.1845;0.5
2500980000000000764092;0;0.7739;0.5
2500980000000000762038;0;-0.045;1
2500980000000000640964;1;0.9093;0
2500980000000000232764;1;0.6934;1
2500980000000000496784;0;-0.0633;1
2500980000000000883179;0;0.5854;1
2500980000000000955833;0;0.3806;0.5
2500980000000000622962;0;0.0772;1
2500980000000000202294;0;-0.2372;0.5
2500980000000000883440;1;-0.0049;0
2500980000000000531639;0;1.3722;1
2500980000000000591698;0;0.1355;0.5
2500980000000000508303;0;0.71;1
2500980000000000665034;0;1.2255;0
2500980000000000857109;1;0.4695;0
2500980000000000547878;0;0.3478;0
2500980000000000673994;1;0.3907;0.5
2500980000000000528012;1;-0.0526;0.5
2500980000000000866881;0;-0.1102;0
2500980000000000079857;0;0.1063;1
2500980000000000516738;0;1.1326;0.5
2500980000000000719048;0;0.3463;1
2500980000000000691458;0;0.9545;0
2500980000000000738924;0;0.5574;1
2500980000000000832410;0;0.3149;1
2500980000000000893938;0;0.0975;0.5
2500980000000000495315;0;0.6542;0
2500980000000000444364;0;1.027;1
2500980000000000627072;0;0.3448;1
2500980000000000810796;0;-0.1446;0.5
2500980000000000797345;0;0.7962;0.5
2500980000000000883580;0;-0.0854;1
2500980000000000676970;0;0.5269;0.5
2500980000000000519111;0;0.4497;0
2500980000000000535712;0;0.1085;1
2500980000000000828597;0;0.3987;0.5
2500980000000000745975;0;0.5428;0
2500980000000000451000;0;0.4984;0
2500980000000001077381;0;-0.0945;0.5
2500980000000000632626;0;1.2254;1
2500980000000001001260;0;0.6977;0.5
2500980000000000934949;0;-0.3311;0
2500980000000000906306;0;0.9269;0.5
2500980000000000874293;0;-0.0165;0.5
2500980000000000829444;0;0.5146;1
2500980000000000872169;0;0.9529;0.5
2500980000000000648443;0;0.8962;0
2500980000000000870105;0;0.2341;0.5
2500980000000000739297;0;0.5641;0
2500980000000000973873;0;-0.0848;1
2500980000000000609880;0;0.0288;0.5
2500980000000000885944;1;0.4395;0.5
2500980000000000698185;0;0.8332;0
2500980000000000944774;0;0.3549;1
2500980000000000671818;0;0.8655;1
2500980000000000884558;0;0.6455;1
2500980000000001012680;0;0.9221;1
2500980000000000814532;0;0.6432;1
2500980000000000599682;0;0.6559;1
2500980000000000844306;0;1.171;0
2500980000000000903224;0;0.2031;0.5
2500980000000000543958;0;0.6194;0.5
2500980000000000609256;0;-0.1286;0.5
2500980000000000233084;0;0.8024;1
2500980000000000689591;1;0.7886;0
2500980000000000683300;0;0.9879;1
2500980000000000922952;1;0.1473;0.5
2500980000000000531878;0;-0.1715;0.5
2500980000000000551379;0;0.4547;1
2500980000000000613124;1;-0.0219;0.5
2500980000000000532932;0;1.0413;1
2500980000000000521472;0;0.7093;1
2500980000000000942498;0;0.9977;0
2500980000000000569564;0;1.434;0
2500980000000000346601;0;0.1118;1
2500980000000000651187;0;0.7729;0.5
2500980000000000518944;0;0.93;0
2500980000000000742693;0;0.6587;0
2500980000000000761759;0;1.1722;0
2500980000000000544668;0;0.9243;0
2500980000000000652311;0;0;1
2500980000000000835184;0;0.4608;0
2500980000000000778599;0;0.8145;1
2500980000000000834269;0;0.3174;0.5
2500980000000000695179;0;1.0074;0
2500980000000000756000;0;0.6;1
2500980000000000496165;1;0.4009;0
2500980000000000823296;0;0.5189;0.5
2500980000000000571717;0;0.5207;0.5
2500980000000000345698;0;0;1
2500980000000000769739;0;0.8173;0.5
2500980000000000672072;0;0.9529;1
2500980000000000938612;0;0;1
2500980000000000533441;0;0.6876;0.5
2500980000000000321880;0;0.0044;0.5
2500980000000000679827;0;0.3257;0
2500980000000000536319;1;0.682;0.5
2500980000000000605119;1;0.59;0
2500980000000000574495;0;0.237;0
2500980000000000950492;0;0.1829;1
2500980000000001002595;0;1.3519;0.5
2500980000000000787013;0;0.5026;0.5
2500980000000000663541;0;-0.1979;0
2500980000000000367824;0;1.045;1
2500980000000000970914;0;1.2915;0
2500980000000000963101;0;-0.0232;0
2500980000000000776940;0;0.9495;1
2500980000000001005890;0;1.0984;0
2500980000000000999162;0;1.1334;1
2500980000000000461236;0;0.7358;0.5
2500980000000000818402;0;1.3751;1
2500980000000000637096;0;0.4031;0
2500980000000000767437;0;1.1088;0
2500980000000000627264;0;0.5789;1
2500980000000000766641;0;0.7529;0
2500980000000000959586;0;0.2266;0.5
2500980000000000644311;0;0.5673;1
2500980000000000226311;0;0.6846;0.5
2500980000000000485047;0;0.3912;0
2500980000000000499866;0;0.239;1
2500980000000000566289;0;0.642;1
2500980000000000477274;0;0.4281;0.5
2500980000000000514446;0;0.4339;1
2500980000000000691916;0;0.0429;1
2500980000000000574218;0;0.2707;1
2500980000000000813369;0;0.0408;0.5
2500980000000001004534;0;1.0844;0
2500980000000000656956;0;-0.0317;1
2500980000000000530228;0;0.1749;0.5
2500980000000000689671;0;0.5323;0
2500980000000000340414;0;-0.0476;0.5
2500980000000001020817;0;0.4795;1
2500980000000000764622;0;0.6508;1
2500980000000000642930;0;-0.1601;1
2500980000000000490434;1;0.6229;1
2500980000000000524777;0;0.7242;0
2500980000000000774537;0;1.2148;0.5
2500980000000000055165;0;0.403;0
2500980000000000908240;0;1.2991;1
2500980000000000544685;1;0.3657;0.5
2500980000000000771573;0;1.0248;0.5
2500980000000000869238;0;0.2081;0.5
2500980000000000549506;0;0.6825;0
2500980000000000786129;0;0.2474;0
2500980000000000903429;1;0.0031;1
2500980000000000650516;0;0.2916;1
2500980000000000509891;0;0.0503;0.5
2500980000000001024812;0;-0.0735;0.5
2500980000000000608408;0;1.0762;0
2500980000000000889241;1;0.179;1
2500980000000000937255;0;0.9724;0.5
2500980000000000523993;0;0.4061;0
2500980000000000930101;0;0.62;0.5
2500980000000000514178;0;-0.2464;0
2500980000000000989588;0;0.3958;1
2500980000000000505832;1;0.7693;0.5
2500980000000000820426;0;0.2333;1
2500980000000000784772;0;0.3783;0.5
2500980000000000682412;0;0.2015;0
2500980000000000700048;0;0.5307;1
2500980000000000652642;0;1.2316;0.5
2500980000000000951873;0;1.0116;1
2500980000000000964198;0;0.3924;0.5
2500980000000000586887;0;1.1374;0.5
2500980000000000537651;0;0.3733;0
2500980000000000444892;0;0.1375;0
2500980000000000604353;0;0.6299;0
2500980000000000899612;0;-0.1741;1
2500980000000000354098;0;0.6021;0.5
2500980000000000675607;1;-0.1292;0
2500980000000000764633;0;0.2398;1
2500980000000000643156;0;1.1442;0.5
2500980000000000796306;0;-0.1077;1
2500980000000000547589;0;0.845;0
2500980000000000952071;0;1.1982;1
2500980000000000382214;0;1.0882;0.5
2500980000000000545056;0;0.5666;1
2500980000000000787628;0;0.1324;0
2500980000000000966183;0;0.2388;0.5
2500980000000000885894;0;-0.1454;1
2500980000000000612548;0;0.3661;1
2500980000000000625401;0;0.9831;1
2500980000000000329909;1;0.5215;0
2500980000000000733616;0;1.0193;0
2500980000000000516226;0;1.042;1
2500980000000000656680;0;0.447;0.5
2500980000000000716962;0;-0.2026;1
2500980000000000775948;0;0.954;0
2500980000000000862354;0;0.5049;0.5
2500980000000000569705;0;0.35;0.5
2500980000000000854237;0;1.1041;0
2500980000000000668341;0;0.2556;1
2500980000000000693558;0;1.1979;1
2500980000000000490328;1;0.4409;1
2500980000000000365872;0;0.5458;0.5
2500980000000001008721;0;1.1886;0.5
2500980000000000828015;0;0.5321;0
2500980000000000951098;0;0.3901;0.5
2500980000000000656864;0;0.1481;0.5
2500980000000000782562;0;0.9698;0.5
2500980000000000632054;0;0.7174;0
2500980000000000529555;0;0.4236;0.5
2500980000000000932474;1;0.2386;1
2500980000000000994258;1;0.8124;0.5
2500980000000000612253;0;0.249;0
2500980000000000943802;0;1.1399;1
2500980000000000839228;0;0.1391;0.5
2500980000000000692495;0;0.7503;0.5
2500980000000000624668;0;0.2989;1
2500980000000000380496;0;1.0946;0
2500980000000000571364;0;-0.0098;0
2500980000000000572536;0;0.8679;1
2500980000000000707944;0;0.9842;0.5
2500980000000000024953;0;-0.2881;1
2500980000000000908921;0;0;0
2500980000000000760687;1;-0.0895;0.5
2500980000000000601157;0;0.2755;0.5
2500980000000000546422;0;0.5292;1
2500980000000000509694;1;0.3265;0.5
2500980000000000542399;0;0;1
2500980000000000558286;0;0.6803;1
2500980000000000557492;1;0.3798;0.5
2500980000000000862447;0;0.8439;0.5
2500980000000000511324;0;0.6882;0
2500980000000000662067;0;0.416;0
2500980000000000597120;0;0.9308;0
2500980000000000896364;0;0.5212;1
2500980000000000600629;0;0;1
2500980000000000188759;1;0.2463;0
2500980000000000990448;0;1.1325;0.5
2500980000000000755510;1;1.0342;1
2500980000000000906477;0;0.6;0.5
2500980000000000999925;0;0.8965;0
2500980000000000636963;0;0.8486;0
2500980000000000645507;0;0.6513;0.5
2500980000000000546321;0;0.127;0
2500980000000000497363;0;-0.0756;1
2500980000000000546481;0;0.1844;0.5
2500980000000000885026;0;0.5485;1
2500980000000000651007;0;0.317;1
2500980000000000522888;0;0.513;0
2500980000000000856008;0;0.8466;1
2500980000000000339094;0;0.37;1
2500980000000000074899;0;0.2317;0
2500980000000000483389;0;0.5611;0
2500980000000000501970;0;0.2874;0.5
2500980000000000972963;0;0.5416;0
2500980000000000510966;0;1.3489;0.5
2500980000000000854192;0;0.5638;1
2500980000000000603633;0;0.7289;0
2500980000000000507814;0;1.1316;0.5
2500980000000000205431;0;0.4305;1
2500980000000000845127;0;0.9698;1
2500980000000000900647;0;0.1269;1
2500980000000000861148;0;1.2943;0.5
2500980000000000528865;0;0.5101;0
2500980000000000923452;0;0.6123;1
2500980000000000641300;1;0.3453;1
2500980000000000948736;0;0.3642;0
2500980000000000191670;0;1.3587;0
2500980000000000544837;0;0.4622;1
2500980000000000572232;0;0.6303;1
2500980000000000236546;0;-0.053;0.5
2500980000000000948990;0;1.1469;1
2500980000000000932184;0;0.6652;0
2500980000000000549101;1;0.9386;0
2500980000000000996044;0;0.1343;1
2500980000000000860446;0;0.6766;0
2500980000000000593748;1;0.3213;0.5
2500980000000000890178;1;-0.183;0
2500980000000000731881;0;1.2294;0.5
2500980000000000559244;0;0.172;0.5
2500980000000000668776;0;0.8641;0.5
2500980000000000939064;1;0.4191;0
2500980000000000490246;0;0.752;0
2500980000000000642061;0;-0.0737;1
2500980000000000590601;0;-0.1354;0.5
2500980000000000203944;0;0.7274;0.5
2500980000000000768423;1;0.529;1
2500980000000000526972;1;0.4959;1
2500980000000000881410;0;0.1897;0.5
2500980000000000881442;0;0.2031;1
2500980000000000875245;0;-0.224;0.5
2500980000000000728290;0;0.3897;0.5
2500980000000001037894;0;0.1599;1
2500980000000000651838;0;0.8224;1
2500980000000001070465;0;1.1057;1
2500980000000000833351;0;0.8568;1
2500980000000000621003;0;0.3161;0
2500980000000000751099;0;0.155;1
2500980000000000712259;0;0.1546;0.5
2500980000000000332943;0;0.332;0.5
2500980000000000929836;0;0.7183;1
2500980000000000588214;0;0.4869;1
2500980000000000237216;0;0.58;1
2500980000000000544664;0;0.5318;0.5
2500980000000000493683;0;0.6082;1
2500980000000001001103;0;0.3177;0
2500980000000000961649;0;0.5705;0.5
2500980000000000840857;0;1.0053;0
2500980000000000967116;0;1.0709;0
2500980000000000216481;0;0.1738;0
2500980000000000509440;1;0.6836;1
2500980000000001002738;0;0.0313;0
2500980000000000634877;0;0;0.5
2500980000000000507897;0;0.9191;1
2500980000000000972844;0;0.3736;1
2500980000000000930906;0;-0.0325;1
2500980000000000691792;0;0.8812;1
2500980000000000542009;0;0.8854;1
2500980000000000487333;0;-0.1098;1
2500980000000000815487;0;0.8177;0.5
2500980000000000364690;0;0.6543;0
2500980000000000642798;0;0.4833;1
2500980000000000642256;0;1.2471;0.5
2500980000000000324775;0;0.8292;1
2500980000000000539329;0;0.427;1
2500980000000000009956;0;-0.0935;1
2500980000000000867227;0;1.1625;1
2500980000000000503300;0;0.3807;0.5
2500980000000000783412;0;0.5882;0.5
2500980000000000391560;0;0.6062;0
2500980000000000650956;0;0.5239;1
2500980000000000723191;1;0.9879;0
2500980000000000598464;0;0.2533;0
2500980000000000703256;0;1.3371;0.5
2500980000000000578464;0;0.2792;1
2500980000000000448790;0;0.0089;0
2500980000000000636966;0;0.1358;0.5
2500980000000000674459;0;-0.4313;0
2500980000000000571354;0;0.1344;1
2500980000000000997679;0;0.2764;1
2500980000000000972982;0;-0.3588;0.5
2500980000000000569061;0;0.6048;0
2500980000000000704541;0;0.7787;0.5
2500980000000000907016;0;0.5962;0.5
2500980000000001028024;0;0.8787;0
2500980000000000895855;0;0.5096;1
2500980000000000576459;0;0.4171;0.5
2500980000000000594566;0;0.2239;0.5
2500980000000000799318;0;0.2594;0
2500980000000000659088;1;-0.2579;1
2500980000000000540845;0;0.42;0.5
2500980000000000610987;0;0.5246;0
2500980000000000635178;0;0.6213;1
2500980000000000624245;0;-0.0588;1
2500980000000000558966;0;0.2102;0.5
2500980000000000862646;0;1.3167;0.5
2500980000000000601590;0;1.2635;1
2500980000000000904546;0;0.257;1
2500980000000001009337;0;0.1691;1
2500980000000000791628;0;0.6439;1
2500980000000000497661;0;0.574;1
2500980000000000619634;0;0.368;0.5
2500980000000000193182;0;1.0496;1
2500980000000000955489;0;0.9137;0.5
2500980000000000649023;0;0.3355;1
2500980000000000335457;0;1.1442;0
2500980000000000773646;0;0.6199;1
2500980000000000973985;0;0.4919;1
2500980000000000392781;0;1.2003;0
2500980000000000847256;0;0.2861;0
2500980000000000574836;0;0.4507;1
2500980000000000903405;0;0.0657;0
2500980000000000572254;0;0.5987;1
2500980000000000774737;0;1.0364;0
2500980000000000219307;0;0.3489;1
2500980000000000608780;0;0.4556;1
2500980000000000812085;0;0.9233;1
2500980000000000878366;0;0.3571;1
2500980000000000909260;0;0.0143;0.5
2500980000000000490142;0;0.6039;0
2500980000000000785495;0;0.4737;0.5
2500980000000000806780;0;0;1
2500980000000000808415;0;-0.0533;1
2500980000000000785702;0;0.1;1
2500980000000000523432;0;0.6517;1
2500980000000000514320;1;0.9239;1
2500980000000000750775;0;0.1666;1
2500980000000000663230;0;1.4261;1
2500980000000000785137;0;0.9646;0
2500980000000000531497;0;0.7221;0.5
2500980000000000649109;0;0.8435;0
2500980000000000568582;0;0.1017;0.5
2500980000000000651608;0;0.9439;1
2500980000000000798195;0;0.4985;0.5
2500980000000000611703;1;1.1076;1
2500980000000000868595;1;0.9079;0
2500980000000000632399;0;0.3341;0
2500980000000000453987;0;0.6242;1
2500980000000000842456;0;0.6979;1
2500980000000000968275;0;0.1569;1
2500980000000000051056;0;0.5;0
2500980000000000528092;0;0.4865;1
2500980000000000836846;0;1.0855;0.5
2500980000000000719780;0;0.555;1
2500980000000000822180;0;0.7878;0
2500980000000000627046;0;0.5378;0.5
2500980000000000655908;0;1.0255;1
2500980000000000710762;0;0.4303;0.5
2500980000000000979146;0;0.1034;0.5
2500980000000000850683;0;1.0375;0
2500980000000000987361;0;0.3034;0.5
2500980000000000659488;0;0;0.5
2500980000000000605073;0;0.7987;1
2500980000000000589544;0;0.736;1
2500980000000000879773;0;0.3379;1
2500980000000000651500;1;1.1984;0.5
2500980000000000837157;0;-0.296;0
2500980000000000975559;0;0.7409;1
2500980000000000616095;0;0.9038;1
2500980000000000690703;0;0.0495;0.5
2500980000000000563713;0;1.1009;1
2500980000000000965738;0;0.9772;0.5
2500980000000000683064;1;0.3852;1
2500980000000000910728;0;0.2298;1
2500980000000000750161;0;0.8351;1
2500980000000000876263;0;0.7377;0.5
2500980000000000734246;1;0.7758;0
2500980000000000722817;1;0.3334;0
2500980000000000732069;0;0.3235;0.5
2500980000000000545420;0;0.6766;1
2500980000000000689164;0;0.8141;0
2500980000000000753443;0;0.2481;0
2500980000000000837137;0;0.7772;1
2500980000000000919297;0;0.5497;0.5
2500980000000000626314;0;0.4066;0
2500980000000000787918;1;0.4776;0.5
2500980000000000526397;1;0.0313;1
2500980000000000302953;0;0.2505;0.5
2500980000000000547885;0;0.0716;1
2500980000000000881463;0;0.3801;0.5
2500980000000000861869;0;1.1123;0.5
2500980000000000004121;0;0.7756;0
2500980000000000761345;0;-0.1797;1
2500980000000000589804;0;0.1888;1
2500980000000000767658;0;0.6332;0.5
2500980000000000807497;0;0.1473;1
2500980000000000605948;0;0.1418;0
2500980000000000858718;1;0.9737;1
2500980000000000897610;0;0;1
2500980000000000607591;0;0.7736;0
2500980000000000560353;0;0.3478;0.5
2500980000000000532206;0;0.5612;1
2500980000000000719482;0;0.8648;0.5
2500980000000000909347;0;-0.3212;1
2500980000000000595579;0;1.0143;0.5
2500980000000000817773;0;0.5889;0.5
2500980000000000580443;0;0.6151;0.5
2500980000000000198617;0;0.8081;1
2500980000000000573852;1;-0.0706;0
2500980000000000816471;0;0.8318;1
2500980000000000525053;0;1.0619;0
2500980000000000601519;0;0.5801;1
2500980000000000831775;0;0.2339;1
2500980000000000918896;0;0.3211;0.5
2500980000000000841548;0;0.1476;1
2500980000000000941248;0;0;1
2500980000000000661296;0;0.2917;0
2500980000000000780785;0;0.4975;0.5
2500980000000000912346;0;0.9299;0.5
2500980000000000723463;0;-0.143;0.5
2500980000000000051152;0;-0.1836;0
2500980000000000051023;0;0.1669;0
2500980000000000897592;0;0.9016;1
2500980000000000515345;0;-0.2296;1
2500980000000000640547;0;0.327;0.5
2500980000000000547252;0;0.4383;1
2500980000000000823993;0;-0.3071;0
2500980000000000595929;0;0.564;0
2500980000000001017994;0;0;0
2500980000000000852513;0;0.9782;1
2500980000000000855738;0;-0.2299;0
2500980000000000200286;0;0.2189;0.5
2500980000000000923724;0;0.8291;0
2500980000000000389657;0;0.6522;1
2500980000000000640982;0;0.2632;1
2500980000000000844629;0;1.2969;0.5
2500980000000000028711;0;0.7618;0.5
2500980000000000706717;0;0.4443;1
2500980000000000769999;0;0.7238;0
2500980000000000802372;0;0.4832;0
2500980000000000980658;0;-0.0842;1
2500980000000000605629;0;0.4633;0
2500980000000000731810;0;1.0426;0
2500980000000000970964;0;0.682;1
2500980000000000986147;1;0.5999;0.5
2500980000000000854498;0;0.1927;0.5
2500980000000000693904;0;-0.2459;0.5
2500980000000000827678;0;1.0732;0.5
2500980000000000671686;0;0.7976;1
2500980000000000926294;0;1.062;1
2500980000000000717968;1;0.8503;0.5
2500980000000000923092;0;0.2703;1
2500980000000000927268;0;0.762;1
2500980000000000507612;0;0.1946;0.5
2500980000000000501120;0;0.0065;0
2500980000000000677956;0;1.0697;1
2500980000000000579602;1;0.6317;0
2500980000000000585750;0;1.207;1
2500980000000000961409;0;1.2668;1
2500980000000000884066;1;1.2867;0
2500980000000000580400;0;0.7999;1
2500980000000001013144;1;0.4687;1
2500980000000000885219;1;1.0164;1
2500980000000000497376;0;0.3279;1
2500980000000000891477;0;-0.2412;1
2500980000000000790525;0;0.3621;1
2500980000000000938745;0;0.3213;0
2500980000000000736243;0;0.5007;1
2500980000000000565491;1;0.2747;1
2500980000000000225790;1;0.5355;0.5
2500980000000000586063;0;-0.1699;0.5
2500980000000000510430;0;-0.3561;0
2500980000000000601655;0;0.3284;0
2500980000000000881053;0;0.7563;0.5
2500980000000000839580;0;0.2569;0.5
2500980000000000620689;0;0.3117;0
2500980000000000024844;0;0.1995;0
2500980000000000774401;0;0.4323;0
2500980000000000491528;0;1.3237;0.5
2500980000000000906212;0;0.1576;1
2500980000000000957016;1;0.0821;0.5
2500980000000000658626;0;0.1381;0
2500980000000000569616;0;0.8602;0.5
2500980000000000768769;0;1.3615;0
2500980000000000734564;0;0.6653;1
2500980000000000775295;0;-0.2393;0.5
2500980000000000858601;0;0.747;0.5
2500980000000000645834;0;0.8037;1
2500980000000000533155;1;0.0722;0.5
2500980000000000967691;0;1.0259;0
2500980000000000985935;0;1.0114;1
2500980000000000567041;0;-0.1102;0
2500980000000000995594;0;0.548;1
2500980000000000030706;0;0.1819;0
2500980000000000861086;0;1.3003;0
2500980000000000989864;0;1.2789;1
2500980000000000899356;0;0.2826;0
2500980000000000540760;0;0.1289;0
2500980000000000895837;0;0.348;0.5
2500980000000000666214;0;0.534;1
2500980000000000643031;0;1.0742;1
2500980000000000924895;0;1.0531;0.5
2500980000000000886736;0;0.3435;0.5
2500980000000000312763;0;0.3642;0.5
2500980000000000553174;0;0.8112;0.5
2500980000000000803398;0;0.3759;1
2500980000000000725124;0;-0.1701;0
2500980000000001018670;0;0.6993;0.5
2500980000000000565766;0;0.4976;1
2500980000000000513573;0;0.8682;1
2500980000000000716459;0;0.601;1
2500980000000000653066;0;0.5789;0
2500980000000000580265;0;0.4934;0.5
2500980000000000622073;0;0.5042;0
2500980000000000784714;0;0.6079;1
2500980000000000577230;0;0.2409;1
2500980000000000770486;0;0.2062;1
2500980000000001002184;0;1.2087;0
2500980000000000911889;0;0.3974;1
2500980000000000503093;0;-0.1505;1
2500980000000000847491;0;0.2165;0.5
2500980000000000899348;0;-0.0388;0.5
2500980000000000860958;0;-0.1087;0.5
2500980000000000985296;0;0.2741;0.5
2500980000000000981625;0;0.9062;1
2500980000000000658454;0;0.9448;0.5
2500980000000001010539;0;0.1342;0.5
2500980000000000831162;0;0.752;1
2500980000000000986048;0;0.3508;0.5
2500980000000000328275;0;-0.1698;0
2500980000000000507082;1;-0.0687;0.5
2500980000000000809772;0;0.973;0
2500980000000000682828;0;0.3184;1
2500980000000000719403;0;0.4565;0.5
2500980000000000672225;0;0.5728;0.5
2500980000000000512627;0;0.3502;0
2500980000000000488697;0;-0.0334;0.5
2500980000000000977306;0;0.9768;1
2500980000000000871130;0;0.767;0.5
2500980000000000790066;0;0.5094;0.5
2500980000000000506229;0;1.1631;1
2500980000000000584508;0;0.8142;0
2500980000000000565321;0;1.0392;0.5
2500980000000000677782;0;0.785;0
2500980000000000656216;0;0.6238;1
2500980000000000882399;0;0.9715;1
2500980000000000635992;0;0.1177;0
2500980000000000461446;0;-0.677;0
2500980000000000659540;0;0.2732;0.5
2500980000000000653311;0;0.5578;0.5
2500980000000000075326;0;0.6701;0
2500980000000000787446;0;-0.0706;0
2500980000000000627084;0;0.9508;0
2500980000000000575811;1;0.2232;1
2500980000000000794314;0;0.5549;0.5
2500980000000001009176;0;-0.1283;0.5
2500980000000000639894;1;0.2342;1
2500980000000000888964;0;0.1399;1
2500980000000000627411;0;0.9382;1
2500980000000000831671;1;0.0571;0
2500980000000000555462;0;0.4023;1
2500980000000000987246;0;0.0935;1
2500980000000000702787;0;1.1928;0.5
2500980000000000833048;0;1.0244;1
2500980000000000652678;0;0.8669;1
2500980000000000546016;0;0.0407;1
2500980000000000851088;0;0.5765;1
2500980000000000610920;0;0.1697;0.5
2500980000000000677268;0;0.6159;1
2500980000000000177857;0;0.3965;0
2500980000000000959479;0;-0.0963;0
2500980000000000877448;0;0.0806;0
2500980000000000900956;0;0.1641;0.5
2500980000000000553780;0;0.3236;1
2500980000000000653244;0;0.4604;1
2500980000000000888286;0;0.079;0.5
2500980000000000952597;0;0.6904;0.5
2500980000000000971053;0;0.7161;0.5
2500980000000000059285;1;0.2682;0
2500980000000000824646;0;0.4006;1
2500980000000000535328;0;1.2008;0.5
2500980000000000736978;0;0.8348;0
2500980000000000226874;1;0.2407;0
2500980000000000834437;1;-0.0769;0.5
2500980000000000647256;0;0.9115;1
2500980000000000919658;1;0.3023;0
2500980000000000995107;0;0.2319;1
2500980000000000487744;0;0.1405;0
2500980000000000552576;0;1.1674;0.5
2500980000000000335711;0;0.2042;1
2500980000000000805892;0;0.1333;0
2500980000000000624474;0;0.5661;0.5
2500980000000000524200;0;0.5803;0.5
2500980000000000543295;0;0.1532;0
2500980000000000727435;1;0.782;0.5
2500980000000000587914;0;0.9417;0
2500980000000000744372;0;0.0937;1
2500980000000000931338;0;0.6175;1
2500980000000001018303;0;0.9391;0.5
2500980000000000791289;0;1.047;1
2500980000000000493298;0;0.6932;0
2500980000000000574746;0;0.1371;0.5
2500980000000000530965;0;-0.3319;0
2500980000000000898446;0;0.6083;0.5
2500980000000000678982;0;1.0521;0.5
2500980000000000839107;1;0.49;0.5
2500980000000000308681;1;-0.1096;0
2500980000000000651211;0;0.3756;0.5
2500980000000000516182;0;0.9827;1
2500980000000000688926;0;1.0708;1
2500980000000000831125;0;0.26;0.5
2500980000000000887246;0;0.2374;1
2500980000000000780902;0;0.186;0.5
2500980000000001009796;0;0.0852;0.5
2500980000000001004089;0;0.5295;0
2500980000000000617035;0;0.5267;0
2500980000000000950482;0;0.4952;0.5
2500980000000000990539;0;0.8751;0.5
2500980000000000498481;0;1.4868;1
2500980000000000527292;0;-0.2439;1
2500980000000000589864;0;0.0926;0.5
2500980000000000784902;0;0.0869;1
2500980000000000451781;0;1.0025;0.5
2500980000000000568162;0;0.112;1
2500980000000000981092;0;0.6525;1
2500980000000000871231;0;0.4497;0.5
2500980000000000659191;0;-0.0684;0
2500980000000000563316;0;-0.0802;0.5
2500980000000000867377;0;1.3931;1
2500980000000000741555;0;0.6013;1
2500980000000000687128;0;0.0256;0.5
2500980000000000240388;1;0.7113;1
2500980000000000992551;0;1.1243;0.5
2500980000000000611049;0;0.823;1
2500980000000000755644;0;0.7258;0.5
2500980000000000044684;1;0.1779;0
2500980000000000891485;0;0.7826;0.5
2500980000000000804569;0;1.2224;1
2500980000000000646317;0;0.2546;0.5
2500980000000000971362;0;0.9127;1
2500980000000000657296;0;-0.0417;0
2500980000000000791416;1;0.4886;0.5
2500980000000000618223;0;0.5789;0.5
2500980000000000489582;0;0.5347;0.5
2500980000000000626539;0;0.1022;1
2500980000000000624603;0;0.7826;0.5
2500980000000000538926;0;0.712;1
2500980000000000775490;0;0.4742;1
2500980000000000991131;0;0.4423;0.5
2500980000000000711338;0;0.1493;1
2500980000000000447965;1;0.7877;1
2500980000000000523729;0;0.6007;1
2500980000000001081546;0;0;1
2500980000000000807702;0;0.8455;0.5
2500980000000000804118;0;1.5703;1
2500980000000000598678;0;1.1013;1
2500980000000000804656;1;1.0654;1
2500980000000000761858;0;0.0029;0
2500980000000000629570;0;1.148;0
2500980000000000758912;0;0.897;0
2500980000000000815356;0;0.8409;1
2500980000000000817830;0;0.6777;0
2500980000000000602704;1;0.1396;0
2500980000000000769575;0;0.49;1
2500980000000000651395;0;0.4734;1
2500980000000000700797;0;0.0881;0
2500980000000000674017;0;1.0009;0.5
2500980000000000817159;0;0.7734;0.5
2500980000000000766694;0;0.5131;0.5
2500980000000001006564;0;0.0655;0.5
2500980000000000922483;1;0;1
2500980000000000994062;0;0.4004;0
2500980000000000736810;0;0.2817;0
2500980000000001078650;0;0.1931;0.5
2500980000000000825145;0;1.1556;0.5
2500980000000000983536;0;1.1351;1
2500980000000000444786;1;0.7863;0.5
2500980000000000864425;0;0.7975;0.5
2500980000000000981156;0;0.6138;1
2500980000000000852997;0;0.7319;0
2500980000000000193152;0;0.1843;1
2500980000000000602639;0;0.8076;0.5
2500980000000000851527;0;0.05;1
2500980000000000728894;1;0.3758;0.5
2500980000000000973802;1;0.573;0.5
2500980000000000774619;0;1.1252;1
2500980000000000986887;0;0.6306;0
2500980000000000681488;0;0;0.5
2500980000000000941476;0;0.3284;1
2500980000000000789385;0;0.8032;0
2500980000000000324456;0;0.7328;1
2500980000000001001515;0;0.6376;1
2500980000000000879300;0;0.4957;0.5
2500980000000000531866;0;0.9337;1
2500980000000000748114;0;0.7028;0.5
2500980000000000776908;0;0.0572;0
2500980000000000489012;0;0.9017;0
2500980000000000788256;0;-0.0393;1
2500980000000000732160;0;0.3297;1
2500980000000000763621;0;0.3154;0.5
2500980000000000596938;1;0.3977;1
2500980000000001013791;0;0.84;0.5
2500980000000000761753;0;0.6184;0.5
2500980000000000702981;0;0.0006;1
2500980000000000181719;0;0.7814;0
2500980000000000992349;0;0.8616;1
2500980000000000495824;0;0.6414;1
2500980000000001041351;0;0.1901;0.5
2500980000000000919529;0;-0.1567;1
2500980000000000512307;0;1.3112;0
2500980000000000663652;0;1.2173;0
2500980000000000706226;0;0.4813;0.5
2500980000000000525989;0;0.2492;0
2500980000000000693860;0;0.8431;0
2500980000000000702918;0;0.0654;0.5
2500980000000000539309;0;1.0849;0.5
2500980000000000688217;0;0.4448;0
2500980000000000664500;1;1.2014;0.5
2500980000000000580414;0;0;1
2500980000000000726303;0;0.775;0
2500980000000000693898;0;0.2768;1
2500980000000000930877;0;0.292;1
2500980000000000761934;0;0.7775;1
2500980000000000518412;0;0.4692;0.5
2500980000000000820262;0;0.4644;1
2500980000000000740768;0;1.1171;0
2500980000000000581157;0;0.0387;0
2500980000000000774607;0;0.4774;0
2500980000000000001173;0;0.1627;1
2500980000000000652226;0;0.5276;0.5
2500980000000000758742;0;0.0874;1
2500980000000000886339;0;0.6837;0.5
2500980000000000866348;0;0.6761;1
2500980000000000901746;0;-0.1188;1
2500980000000000819946;1;0.8746;1
2500980000000000944440;0;1.0809;0.5
2500980000000000567746;0;0.7566;0
2500980000000000777816;0;0.6144;0.5
2500980000000000611730;0;0.242;0
2500980000000000989846;0;0.1681;0.5
2500980000000000974168;0;0.745;1
2500980000000000974636;0;1.0278;0.5
2500980000000000906245;1;0.2844;0.5
2500980000000000677231;0;0.9077;0
2500980000000000659819;0;0.9599;1
2500980000000000189521;1;-0.1342;1
2500980000000000070820;0;-0.1266;1
2500980000000000384638;0;0.5193;0
2500980000000000521222;0;0.2717;1
2500980000000000875953;0;0.9983;1
2500980000000000878028;0;0.4576;0.5
2500980000000000570638;0;0.0073;0.5
2500980000000000761806;0;0.4835;1
2500980000000000743696;0;0.023;1
2500980000000000590208;0;0.3471;1
2500980000000000516894;0;1.1589;0
2500980000000000924979;0;0.5899;1
2500980000000000649001;0;0.8345;1
2500980000000000820142;0;0.4817;0.5
2500980000000000774390;0;1.252;1
2500980000000000757857;0;0.3063;0
2500980000000000853542;0;0.4217;0.5
2500980000000000614834;0;0.8225;0
2500980000000000835647;0;-0.0836;0.5
2500980000000000976362;0;0.2786;0.5
2500980000000000663330;0;1.0915;1
2500980000000000500237;0;0.6538;0
2500980000000000186840;0;0.3421;1
2500980000000000866210;0;0.6935;1
2500980000000000907100;0;-0.0899;1
2500980000000000746082;0;0.5954;1
2500980000000000647578;0;0.2759;0.5
2500980000000000302510;1;1.137;0.5
2500980000000000802379;0;-0.142;0.5
2500980000000000806093;0;0.8093;0
2500980000000000190506;0;0.3524;0
2500980000000000019556;0;-0.0739;0
2500980000000000995290;0;1.0863;0
2500980000000000561556;0;0;0.5
2500980000000000523807;0;0.3435;0.5
2500980000000000725900;0;0.5012;1
2500980000000000688561;0;0.6267;0
2500980000000000537723;0;0.3174;1
2500980000000000239912;0;0.8279;1
2500980000000000197139;0;0.1652;1
2500980000000000668800;0;0.4699;0.5
2500980000000000862593;0;0.7921;1
2500980000000000700627;1;0.5689;0.5
2500980000000000683694;0;0.524;0
2500980000000000242656;0;0.9914;0.5
2500980000000000501588;0;0.4741;1
2500980000000000597595;0;-0.1947;1
2500980000000001000410;0;0.9282;1
2500980000000000730042;0;1.1342;0.5
2500980000000000373837;0;0.5029;1
2500980000000000751120;1;0.2891;0
2500980000000000315178;0;0.569;0.5
2500980000000000604568;0;-0.0499;0.5
2500980000000000804518;0;0.886;0.5
2500980000000000710570;0;0.3597;0.5
2500980000000000847537;0;0.5047;0.5
2500980000000000850270;0;0.6274;0
2500980000000000658544;0;0;1
2500980000000000912524;1;0.7446;0.5
2500980000000000640822;0;0.3269;0.5
2500980000000000594960;0;0.0875;1
2500980000000000787414;1;-0.0445;0.5
2500980000000000857467;0;-0.2031;0
2500980000000000713460;0;1.0131;1
2500980000000000350667;1;0.7555;1
2500980000000000540193;0;0.3748;0.5
2500980000000000971463;0;0.3802;1
2500980000000000794341;0;0.8975;1
2500980000000001025338;0;0.267;0.5
2500980000000000995187;0;0.4398;1
2500980000000000509483;0;0.0098;0
2500980000000000238310;0;0.3421;1
2500980000000000987968;0;0.9602;0.5
2500980000000000695674;0;1.3147;0.5
2500980000000001054370;0;0;1
2500980000000000329120;0;0.2341;0
2500980000000000821882;0;0.0319;0
2500980000000000696860;0;0.4988;0.5
2500980000000000447668;0;0.4221;1
2500980000000000201529;0;0.4504;0
2500980000000000684819;0;1.4782;0
2500980000000000738898;0;1.1668;0
2500980000000000580875;0;1.0412;1
2500980000000000649028;0;0.4335;0.5
2500980000000000801430;0;0.0065;0
2500980000000000899547;0;-0.4967;1
2500980000000000601688;0;0.6492;0.5
2500980000000000683349;0;-0.1469;1
2500980000000000562054;0;0.4288;0.5
2500980000000000679809;0;0.0437;1
2500980000000000826819;0;0.9371;0
2500980000000000536063;0;0.9183;0.5
2500980000000000869969;0;0.455;1
2500980000000000952796;0;0.3447;1
2500980000000000652865;0;0.2132;0.5
2500980000000000712690;0;0.7383;0.5
2500980000000000257252;1;0.4458;0
2500980000000000881318;0;0.8229;0
2500980000000000810288;0;-0.4851;0.5
2500980000000000756200;0;-0.1648;1
2500980000000000814544;1;0.4953;0
2500980000000000497917;0;0.551;0
2500980000000000613578;0;0.6916;0.5
2500980000000000028900;0;0.5403;1
2500980000000000575836;0;0.3722;0.5
2500980000000000657376;0;0.4792;1
2500980000000000216691;0;0.7516;0
2500980000000000734442;0;1.0012;0.5
2500980000000000554582;0;0.0098;1
2500980000000000810029;0;0.4528;1
2500980000000000661214;0;-0.1966;1
2500980000000000529365;1;-0.0701;0
2500980000000000981484;0;0.73;1
2500980000000000737082;0;0.0007;0
2500980000000000505702;0;1.0161;0
2500980000000000542931;1;0.7367;0
2500980000000000874742;0;0.4685;1
2500980000000000743598;0;0.6374;0.5
2500980000000000854532;0;0.412;0.5
2500980000000000945430;0;-0.1944;1
2500980000000000507768;0;0.8105;0.5
2500980000000001055040;0;0.2507;0.5
2500980000000000190064;0;0.2702;0.5
2500980000000000719755;0;0.431;0.5
2500980000000000771235;0;0.3511;1
2500980000000000385896;0;0.4376;0
2500980000000000850406;0;0.2062;0.5
2500980000000000629487;0;0.1619;1
2500980000000001002742;0;0.5476;0.5
2500980000000000968981;0;1.0815;1
2500980000000000705631;1;-0.2239;1
2500980000000000535167;0;0.8759;0
2500980000000000903897;0;0.8287;1
2500980000000000657244;0;0.4611;0.5
2500980000000000989566;0;-0.0107;0
2500980000000000679421;0;0.4768;0.5
2500980000000000627358;1;0.738;0.5
2500980000000000690554;0;0.2402;1
2500980000000000517921;1;0.2448;1
2500980000000000653905;0;-0.2171;1
2500980000000000697130;1;0.4281;0.5
2500980000000000534812;0;0.3666;1
2500980000000000603880;0;0.7248;0
2500980000000000626482;0;0.6794;1
2500980000000000514242;0;0.2465;1
2500980000000000337351;0;-0.2567;1
2500980000000001010626;0;0.5134;1
2500980000000000832100;0;0.774;0
2500980000000000692896;0;0.3095;1
2500980000000000905675;0;0.2498;1
2500980000000000983440;0;0.9458;0.5
2500980000000000813684;0;0.1025;1
2500980000000000643024;0;0;1
2500980000000000510954;0;1.2529;0
2500980000000000516914;0;0.7149;0.5
2500980000000000761490;0;1.0367;1
2500980000000000981084;0;0.6239;1
2500980000000000575281;0;-0.2061;1
2500980000000000443928;0;0.7994;0.5
2500980000000000510774;0;0.0443;0.5
2500980000000000978440;0;0.193;1
2500980000000000796138;0;-0.0919;0.5
2500980000000000640662;0;1.1349;1
2500980000000000499298;0;0.9691;0.5
2500980000000000582172;0;1.2429;0
2500980000000000706358;0;0.3681;1
2500980000000000890628;0;-0.0466;0.5
2500980000000000777167;0;1.2281;1
2500980000000000590442;0;0.8122;1
2500980000000000651124;0;1.153;0
2500980000000000648457;0;0.4655;1
2500980000000000511375;0;0.7813;0
2500980000000000552940;0;0.6154;0.5
2500980000000000973501;0;0.4211;0.5
2500980000000000834142;0;0.5921;0.5
2500980000000000602177;0;0.5959;1
2500980000000000565358;0;0.7027;0.5
2500980000000000635578;0;-0.1596;1
2500980000000000558178;1;0.3191;1
2500980000000000890039;0;0.0217;0.5
2500980000000000948848;1;-0.2057;0.5
2500980000000000693806;0;0.5003;1
2500980000000000667000;0;0.2959;1
2500980000000001049732;0;-0.0223;0
2500980000000000521840;0;-0.0917;0
2500980000000000049818;0;0.6304;1
2500980000000000852736;0;0.6336;1
2500980000000000805974;0;0.5953;0.5
2500980000000000856090;0;0.3924;1
2500980000000000854733;0;0.2613;1
2500980000000000938446;0;0.9441;0
2500980000000000677752;0;1.3816;1
2500980000000000830722;0;0.3431;1
2500980000000000815814;0;0.359;1
2500980000000000828752;0;0.9963;0
2500980000000000688884;0;0.3278;1
2500980000000000649796;0;0.3906;0
2500980000000000741763;0;0.2699;1
2500980000000000725652;0;0.0105;1
2500980000000000616139;0;1.1128;0.5
2500980000000000941733;0;-0.3648;0.5
2500980000000000870000;0;0.8993;0.5
2500980000000000665023;0;0.5684;1
2500980000000000967615;0;0.8234;0
2500980000000000335732;0;0.9279;0.5
2500980000000000811437;0;0.7702;0
2500980000000000502777;0;0.8152;0
2500980000000000777476;0;0.5322;0.5
2500980000000000778961;0;0.3642;0.5
2500980000000000481483;0;0.8689;0.5
2500980000000000842928;0;1.4841;0
2500980000000000646070;0;0.6278;0
2500980000000000613111;0;-0.088;
2500980000000000644450;0;0.3793;1
2500980000000001062468;0;0.6226;
2500980000000000846277;0;0.568;0
2500980000000000540817;0;0.451;0
2500980000000000721122;1;0.1733;
2500980000000000744266;0;0.5459;1
2500980000000000609564;0;0.6864;
2500980000000000701222;0;0.1735;0.5
2500980000000000721359;1;0.5772;
2500980000000000784078;0;0.5865;
2500980000000000972503;1;0.8247;0.5
2500980000000000592597;0;0.9621;
2500980000000000712660;0;0.3249;1
2500980000000000914051;1;0.7645;
2500980000000000038972;0;0;0
2500980000000000998759;0;1.252;0
2500980000000000650107;0;0.6761;
2500980000000000068072;0;0.2592;0
2500980000000000571343;0;0.9099;0
2500980000000000535057;0;0.7872;
2500980000000000308760;0;0.4682;0.5
2500980000000000834370;0;-0.2173;
2500980000000000035850;0;1.0325;0
2500980000000000964226;0;0.337;
2500980000000000731880;0;0.5915;
2500980000000000888560;0;0.3745;0.5
2500980000000000698295;0;-0.1241;
2500980000000000508912;0;0.5323;0.5
2500980000000000386845;0;0.1383;0
2500980000000000928069;0;0.9279;
2500980000000000792201;0;0.8221;0.5
2500980000000000811276;0;0;
2500980000000000713775;0;0.6456;1
2500980000000000645913;0;0.7892;
2500980000000000823222;0;0.7389;
2500980000000000792065;0;0.5408;0
2500980000000000827339;0;0.5878;
2500980000000000921182;0;0.6562;1
2500980000000000510658;0;0.1359;1
2500980000000000727712;0;0.5863;
2500980000000000683564;0;0.3705;0
2500980000000000515255;0;0.6605;
2500980000000000550728;1;0.6083;1
2500980000000000978842;0;-0.2265;
2500980000000000709908;0;0.4486;
2500980000000000501692;0;0.2091;1
2500980000000001032298;0;0.1749;
2500980000000000713880;0;0.2701;1
2500980000000000573594;0;0;0.5
2500980000000000488583;0;1.0894;0
2500980000000000995538;0;0.5365;1
2500980000000000603739;0;0.6319;
2500980000000000856662;0;-0.0001;0
2500980000000000682419;0;0.3006;
2500980000000000863444;0;0.2332;
2500980000000000367809;1;-0.0457;0
2500980000000000215737;0;0.4261;1
2500980000000000617972;0;0.2246;0.5
2500980000000000845643;1;-0.034;
2500980000000000752640;0;0.6549;
2500980000000000870580;0;0.5831;1
2500980000000000771971;0;0.0421;
2500980000000000884131;0;0.9505;0.5
2500980000000000790589;0;1.0859;
2500980000000001066969;0;0.5941;
2500980000000000299541;0;-0.0283;0
2500980000000000852750;0;0.6834;
2500980000000000811584;0;0.458;1
2500980000000000582319;0;0.9368;1
2500980000000000634394;0;0.5826;
2500980000000000611022;0;0.0772;0.5
2500980000000000903272;0;0.0538;
2500980000000000533016;0;0.7967;1
2500980000000000778797;0;0.7987;
2500980000000000741486;0;1.0515;
2500980000000000849529;0;0.6794;0
2500980000000000572104;0;0.036;
2500980000000000881950;0;0.9822;1
2500980000000000595227;0;0.9835;0.5
2500980000000000551666;0;0.3362;
2500980000000000513488;0;1.1986;0.5
2500980000000000767773;0;0.1012;
2500980000000000039612;0;0.4891;0
2500980000000000962746;0;0.6751;
2500980000000000954844;0;0.7009;
2500980000000000665467;0;0.8382;1
2500980000000000657274;0;-0.1029;
2500980000000000818880;0;1.2736;1
2500980000000000079087;0;0.2431;0
2500980000000000017924;0;0.4238;0
2500980000000000603147;1;0.9275;1
2500980000000000542084;0;0.6087;
2500980000000000695007;0;-0.1798;0
2500980000000000774564;0;0.8548;
2500980000000001014312;1;0.0539;
2500980000000000598831;0;0.0454;1
2500980000000001049330;0;0.5511;
2500980000000000487582;0;0.4358;0
2500980000000000972416;0;0.8933;
2500980000000001088728;0;0.6315;
2500980000000000939369;0;1.1556;1
2500980000000000813361;0;-0.34;
2500980000000000640624;0;0;0
2500980000000000517096;0;1.0894;0
2500980000000000905665;0;0.8526;
2500980000000000500931;1;0.5229;0
2500980000000000683340;0;1.0138;
2500980000000000853068;0;0.7321;0.5
2500980000000000746580;0;0.6469;
2500980000000001003338;0;0.6539;
2500980000000000497438;0;-0.1108;0.5
2500980000000000998402;0;0.7479;
2500980000000000823010;1;0.7785;1
2500980000000000536159;0;0.2552;0
2500980000000000832196;0;1.1413;
2500980000000000702714;0;0.3123;0.5
2500980000000000976716;0;0.0381;
2500980000000000382360;0;0.9905;1
2500980000000000726867;1;0.9345;
2500980000000000863974;0;0.5212;
2500980000000000989323;0;1.0425;0.5
2500980000000000214348;0;1.0717;0.5
2500980000000000027597;0;0;1
2500980000000000585361;0;0.5551;0.5
2500980000000000510365;0;0.682;
2500980000000000550338;0;0.6584;1
2500980000000000984378;0;0.3125;
2500980000000000513084;0;1.1045;1
2500980000000000634559;0;0.4822;
2500980000000000548088;0;1.0273;
2500980000000000638128;0;1.2307;0.5
2500980000000001079329;0;0.7422;
2500980000000000718905;0;-0.0657;0.5
2500980000000000981386;0;1.0074;
2500980000000000501906;0;0.6742;
2500980000000000826874;0;0.4204;1
2500980000000000514437;0;0.676;
2500980000000000592822;0;1.003;0.5
2500980000000000566283;1;-0.2069;0.5
2500980000000000699533;0;0.0042;
2500980000000000707540;0;0.4424;1
2500980000000000536683;0;-0.1808;
2500980000000000587614;0;-0.1888;0
2500980000000000528729;0;0.2242;1
2500980000000000766393;0;0.354;
2500980000000000505946;0;0.3265;0.5
2500980000000000939106;1;-0.2976;
2500980000000000960793;0;0.4056;1
2500980000000000585281;0;-0.0667;0
2500980000000000802970;0;0.2751;
2500980000000000847928;0;0.3211;1
2500980000000000967971;0;0.4704;
2500980000000000199567;0;-0.2389;0.5
2500980000000000699314;0;0.0905;
2500980000000000593810;0;0.4547;
2500980000000000521350;0;0.8824;0.5
2500980000000000700055;0;0.9044;
2500980000000000720769;0;0.0139;0.5
2500980000000000750166;0;0.1158;
2500980000000000364054;1;0.7609;0.5
2500980000000000920710;0;1.1302;1
2500980000000000883535;0;0.0558;
2500980000000000674746;0;0.7805;0
2500980000000000731576;0;0.3905;
2500980000000000973868;0;0.5495;
2500980000000000525018;0;0.9154;1
2500980000000000999470;0;0.4456;
2500980000000000622549;0;0.2556;1
2500980000000000886020;0;0.2009;
2500980000000000854226;0;0.7302;
2500980000000000715679;0;0.2354;1
2500980000000000821467;0;0.1634;
2500980000000000653182;0;0.8329;0
2500980000000000931795;0;0.517;
2500980000000000790796;0;0.5258;
2500980000000000964918;0;0.8112;0
2500980000000000520496;0;0.2075;
2500980000000000685041;0;0.7459;0
2500980000000000513682;0;0.2907;0.5
2500980000000000570590;0;0.5619;
2500980000000000800485;0;0.2081;1
2500980000000001014473;0;0.137;
2500980000000000603077;0;1.1465;0
2500980000000000948909;0;0.4198;
2500980000000000930256;0;-0.1503;
2500980000000000956855;0;0.7411;0.5
2500980000000000544695;0;0.6644;
2500980000000000567124;0;0.0492;0
2500980000000000623440;0;1.402;
2500980000000000965796;0;0.2012;
2500980000000000913666;0;-0.0633;1
2500980000000000954247;0;0.8761;
2500980000000000759454;0;0.6635;1
2500980000000000825326;0;0;
2500980000000000698551;0;0.8086;
2500980000000000681728;0;0.7836;0
2500980000000000980580;0;0.3793;
2500980000000001004176;0;0.9501;0
2500980000000000650092;0;0.9012;
2500980000000000878826;0;0.7111;
2500980000000000480424;0;0.028;1
2500980000000000651408;0;0.4125;
2500980000000000911333;0;0.3245;0
2500980000000000857749;0;0.3021;
2500980000000000598806;0;-0.019;
2500980000000000185717;0;0.6236;1
2500980000000000600242;1;0.487;
2500980000000000569561;0;0.6195;0
2500980000000000654906;0;0.5211;
2500980000000000780018;1;0.6016;
2500980000000000800254;0;0.2073;0.5
2500980000000000992453;0;0.7115;
2500980000000000941634;0;0.8362;0
2500980000000000654640;0;-0.1953;
2500980000000000568528;0;0.5605;
2500980000000001009600;0;0.7652;1
2500980000000000809686;0;0.9821;
2500980000000000504625;0;-0.1628;0
2500980000000000572040;0;0.5007;1
2500980000000000757527;0;0.9004;
2500980000000000609332;0;0.3071;0
2500980000000000686131;0;0.6733;
2500980000000000505580;0;0.3515;0.5
2500980000000001005872;0;0.3473;
2500980000000000540841;0;0.5612;
2500980000000000646044;0;0.1261;0.5
2500980000000000492175;0;1.3191;0.5
2500980000000000945734;0;0.1577;1
2500980000000000874869;0;0.2155;
2500980000000000853332;0;1.122;
2500980000000000748740;0;0.6474;1
2500980000000000671353;0;0.5617;
2500980000000000528034;0;0;0.5
2500980000000000576042;0;0.7478;1
2500980000000000924926;0;0.2032;
2500980000000000911620;0;0.6748;1
2500980000000000628398;1;0.9794;
2500980000000000537402;0;0.066;1
2500980000000000979337;0;0.4665;
2500980000000000724222;0;0.4004;
2500980000000000837392;0;0.9227;0.5
2500980000000000947971;0;1.0414;
2500980000000000629069;0;1.038;1
2500980000000001028932;0;0.3505;
2500980000000000496734;0;0.2281;
2500980000000000899394;0;0.3395;0.5
2500980000000000760014;0;0.6592;
2500980000000000781331;0;0.6433;1
2500980000000000657285;1;0.8809;
2500980000000000327820;0;1.1646;0
2500980000000000929990;0;0.6012;1
2500980000000000489307;0;0.2108;
2500980000000000074321;1;0.2469;0
2500980000000000837334;0;-0.1008;
2500980000000000592949;0;1.0475;
2500980000000000229252;0;-0.0178;0
2500980000000000589579;0;-0.1158;
2500980000000000517468;0;0.5365;0.5
2500980000000000730257;0;0.4131;
2500980000000000783143;0;1.2208;
2500980000000000867353;0;0.7053;0
2500980000000000759660;0;1.131;
2500980000000000999746;0;0.5869;1
2500980000000000826949;0;0.7355;
2500980000000000887411;0;0.7359;
2500980000000000049980;0;0.5026;0
2500980000000000694178;0;0.2168;
2500980000000000997410;0;-0.0501;1
2500980000000000836099;0;0.5385;
2500980000000000228716;0;0.282;0
2500980000000000624581;0;0.063;1
2500980000000000794153;0;0.4857;
2500980000000000547179;1;0.1359;0.5
2500980000000000053093;0;0.7493;0.5
2500980000000001018710;0;0.7131;
2500980000000000056008;1;0.6845;0
2500980000000000899694;0;0.5692;
2500980000000000869428;0;1.2693;1
2500980000000000594473;0;0.9136;0
2500980000000001007933;0;0.824;
2500980000000000996577;0;0.5704;1
2500980000000000736295;0;0.68;
2500980000000000956682;0;1.0404;0.5
2500980000000000717524;0;0.8155;
2500980000000000566615;0;0.7794;
2500980000000000206888;0;0.5091;0
2500980000000000765207;0;1.0355;
2500980000000000842052;0;1.1331;0.5
2500980000000000511993;0;-0.0971;1
2500980000000000484407;0;0.8443;0
2500980000000000930872;0;0.9977;1
2500980000000000065236;0;0.2205;1
2500980000000000679693;1;0.5826;1
2500980000000000626815;0;0.2979;
2500980000000000797702;1;0.7169;
2500980000000000740115;0;0;1
2500980000000000541792;0;0.4148;
2500980000000001004072;0;0.8921;0
2500980000000000963862;1;0.7132;
2500980000000000912314;0;0.4817;
2500980000000000905294;0;0.3518;1
2500980000000000351042;0;0.0626;0
2500980000000000668559;0;0.3192;0.5
2500980000000000658986;0;0.1901;
2500980000000000376935;0;0.5323;0.5
2500980000000000826655;0;0.2436;0.5
2500980000000000927613;0;0.8331;
2500980000000000670586;0;0.2328;1
2500980000000000851015;0;0.4234;
2500980000000000875168;0;0.4452;
2500980000000000601604;0;0.8903;1
2500980000000000639504;0;0.8284;
2500980000000000546274;0;1.069;1
2500980000000000511307;1;0.1086;0
2500980000000000585694;0;0.7831;
2500980000000000560841;0;0.4358;0.5
2500980000000000749452;0;0.4269;
2500980000000000303573;0;0.1642;0.5
2500980000000000960633;0;0.9669;
2500980000000000579340;0;0;
2500980000000000652413;0;0.5006;0.5
2500980000000000914084;0;-0.13;
2500980000000000621015;0;0.6391;0.5
2500980000000000627554;0;0.7;
2500980000000000776515;0;0.1267;
2500980000000000698476;0;1.0659;0.5
2500980000000000791229;0;0.6551;1
2500980000000000720274;0;1.0777;
2500980000000000501929;0;-0.1029;
2500980000000000861787;0;0.0743;1
2500980000000000507346;0;-0.1306;
2500980000000000658689;0;1.1252;0.5
2500980000000000632336;1;0.9449;
2500980000000000543642;0;0.2948;
2500980000000000572506;1;-0.2238;0.5
2500980000000000690512;0;0.3645;
2500980000000001012108;0;0.7084;0
2500980000000000773449;0;0.5202;
2500980000000000561308;0;0.6675;
2500980000000000367784;0;0.9836;0.5
2500980000000000733214;0;0.8181;
2500980000000000648548;0;1.1274;1
2500980000000000587399;0;1.3216;0.5
2500980000000000894088;0;0.1395;
2500980000000000670422;0;0.7221;0
2500980000000000551576;0;0.1394;
2500980000000000613496;0;-0.1346;0
2500980000000000852718;0;-0.1676;
2500980000000000679377;0;0.5402;
2500980000000000787943;1;0.7237;1
2500980000000000873834;0;0.5232;
2500980000000000813423;0;0.0746;0.5
2500980000000000569703;1;0.6374;1
2500980000000000671897;0;0.9084;
2500980000000000873340;0;0.7744;0.5
2500980000000000610095;0;1.0667;
2500980000000000718778;0;0.6486;1
2500980000000000641503;0;0.7584;
2500980000000000836465;0;-0.002;
2500980000000000598461;0;0.4404;0.5
2500980000000000797825;0;0.6301;
2500980000000000838722;1;0.3;0
2500980000000000510326;1;0.5445;0.5
2500980000000000740566;0;0.8305;
2500980000000000753054;0;0.6478;0.5
2500980000000000595285;0;0.7367;
2500980000000000527902;0;0.739;0
2500980000000000689196;0;0.6958;
2500980000000000558181;0;-0.1116;
2500980000000000552520;0;-0.2873;0.5
2500980000000000726903;0;0.1924;
2500980000000000817118;0;0.6055;1
2500980000000000849765;1;0.422;
2500980000000000961104;0;0.6846;
2500980000000000766730;0;0.8701;1
2500980000000000665347;0;0.3769;
2500980000000000638569;0;0.5514;1
2500980000000000886895;0;0.3567;
2500980000000000882218;1;0.1282;
2500980000000000591848;0;-0.2014;1
2500980000000000605916;0;0.8856;
2500980000000000659189;0;0.7052;0
2500980000000000617706;0;-0.3584;0
2500980000000000528441;0;0.6754;
2500980000000000755414;1;0.5784;0
2500980000000000624664;1;0.2094;
2500980000000000653394;1;-0.2146;0.5
2500980000000000785610;0;0.3318;
2500980000000000955089;0;1.2588;
2500980000000000947679;0;0.6051;0
2500980000000000968290;0;-0.0369;
2500980000000000676566;0;-0.4291;0.5
2500980000000000685298;1;0.4808;
2500980000000000546634;0;0.7645;
2500980000000000778224;0;0.8569;0.5
2500980000000000456573;1;0.9136;0
2500980000000000515133;0;-0.0494;0
2500980000000000525642;0;0.5355;1
2500980000000000921720;0;0.4249;
2500980000000000686448;1;-0.1263;1
2500980000000000039076;0;0.0936;1
2500980000000000753278;1;0.7411;1
2500980000000000664255;0;0.3157;
2500980000000000529795;0;0.2847;
2500980000000000621222;0;0.6625;0.5
2500980000000000454406;1;0.1943;0
2500980000000000480171;0;0.0179;1
2500980000000000802473;0;0.5877;
2500980000000001003650;0;-0.1397;
2500980000000000957652;0;0.5467;1
2500980000000000653136;1;0.2542;0
2500980000000000621326;0;0.6571;
2500980000000000838516;0;0.9976;
2500980000000000699120;0;1.0673;0
2500980000000000763874;0;0.9741;
2500980000000000742843;0;0.1402;0.5
2500980000000000709137;0;0.6771;
2500980000000000544796;0;-0.1338;
2500980000000000889965;0;0.3656;0.5
2500980000000000553866;0;1.1607;
2500980000000000787428;0;0.8184;0.5
2500980000000000602538;0;0.9086;0
2500980000000000737764;0;0.813;
2500980000000000696099;0;0.9828;0.5
2500980000000000938716;0;0;
2500980000000000578044;0;0.1617;0
2500980000000000051373;0;0.4312;1
2500980000000000387269;0;0.109;0
2500980000000000648226;0;0.8355;1
2500980000000000926715;0;-0.0963;
2500980000000000694738;0;0.9077;0.5
2500980000000000785980;0;1.1316;
2500980000000000634512;0;0.0758;
2500980000000000935274;0;0.6927;1
2500980000000000998931;0;0.0081;
2500980000000000744260;0;-0.3487;1
2500980000000000688425;0;0.3763;
2500980000000000503070;0;0.8449;
2500980000000000926393;0;-0.2879;1
2500980000000000733103;0;1.351;
2500980000000000217180;0;-0.3331;0.5
2500980000000000666391;0;0.4442;
2500980000000000565451;1;0.0732;
2500980000000000648397;0;0.7052;0
2500980000000000643232;0;1.1;
2500980000000000530637;0;-0.0561;0
2500980000000000785098;0;0.1111;
2500980000000000594712;0;-0.2188;
2500980000000000962263;0;0.49;0.5
2500980000000000696195;0;0.7065;
2500980000000000572600;0;-0.0807;1
2500980000000000382493;0;0.2582;0
2500980000000000521838;1;0.5898;
2500980000000000678940;1;0.2058;0
2500980000000000991764;0;1.006;
2500980000000000870411;0;0.4007;0.5
2500980000000000498168;0;0.2472;0
2500980000000000686033;0;0.1699;
2500980000000000671892;0;-0.1424;0
2500980000000000499387;0;0.1864;
2500980000000000300428;0;0.3161;1
2500980000000000998721;0;0.3232;
2500980000000000883131;0;0.9758;
2500980000000000553488;0;0.3558;0.5
2500980000000000746780;0;0.2681;
2500980000000000595667;0;0.4105;1
2500980000000000782288;0;1.1516;
2500980000000000504727;0;0.771;
2500980000000000790238;0;0.6255;1
2500980000000000501452;0;-0.0218;
2500980000000000796505;0;0.0566;0.5
2500980000000000602496;0;1.1769;0.5
2500980000000000735690;1;0.2597;
2500980000000000887853;0;0.5228;0.5
2500980000000000679012;0;0.5832;
2500980000000000565815;0;0.6958;0.5
2500980000000000517525;0;0.5705;0
2500980000000000544144;0;0.925;
2500980000000000992686;0;0.3952;1
2500980000000000616152;0;0.1067;
2500980000000000020636;0;0.2377;0
2500980000000000663987;0;0.9711;
2500980000000001009033;0;1.3376;
2500980000000000504019;1;0.2747;1
2500980000000000755391;0;0.1155;
2500980000000000066331;0;0.603;0
2500980000000000908460;0;0.3413;
2500980000000001052882;0;0.7474;
2500980000000000555269;0;0.9102;0.5
2500980000000000894932;0;0.6524;
2500980000000000052505;0;0.0472;0
2500980000000000881682;0;0.7566;
2500980000000000922168;0;0.0554;
2500980000000000616043;0;0.3867;0.5
2500980000000000832662;0;0.4146;
2500980000000000911744;0;0.3243;1
2500980000000000317797;1;0.7744;0.5
2500980000000000681575;0;0.2776;
2500980000000000936496;0;-0.0084;0.5
2500980000000000793224;0;1.2459;
2500980000000000680983;0;0.8416;0.5
2500980000000000999221;0;0.7185;
2500980000000000804559;0;0.2739;
2500980000000000634288;0;1.1012;0
2500980000000000981867;0;0.1276;
2500980000000000532888;0;0.4134;0
2500980000000000509658;0;0.5013;0
2500980000000000847365;1;1.2396;
2500980000000000599991;0;0.9877;0
2500980000000000205313;0;0.7223;0.5
2500980000000000894008;0;0.3827;0
2500980000000000706475;0;0.2585;
2500980000000000840073;0;0.3463;
2500980000000000763021;0;0;1
2500980000000000501657;0;0.8985;
2500980000000000867221;0;-0.0904;0.5
2500980000000000520290;0;0.2453;0
2500980000000000695316;0;0.1501;
2500980000000000544588;0;0.909;0
2500980000000000558880;0;0.6278;
2500980000000000861820;0;0.9519;0
2500980000000000635282;0;0.2386;
2500980000000000541267;0;0.3751;
2500980000000000493336;1;0.8836;1
2500980000000000705053;0;0.7379;
2500980000000000672906;0;0.1883;0.5
2500980000000000537801;1;0.4334;0
2500980000000000792536;1;0.1283;
2500980000000000195240;0;0.2038;0
2500980000000000680918;0;0.1508;
2500980000000000756123;0;-0.1833;0
2500980000000000774112;0;0.637;
2500980000000000543676;0;0.6615;
2500980000000000952208;0;0.5589;1
2500980000000000987900;0;0.558;
2500980000000000763787;0;0.9336;0.5
2500980000000000997102;0;0.4586;
2500980000000000889572;0;0.9439;
2500980000000000576444;0;0.3114;1
2500980000000000981734;0;0.5842;
2500980000000000786521;0;0;1
2500980000000000719563;0;0.9962;
2500980000000000588695;0;0.2966;
2500980000000000894844;1;0.4015;1
2500980000000000712668;1;0.7739;
2500980000000000710700;0;0.4272;0
2500980000000000513660;1;0.4581;0.5
2500980000000000683533;0;0.7745;
2500980000000000607119;0;0.4619;0.5
2500980000000000887249;0;0.9981;
2500980000000000797424;0;0.7941;1
2500980000000000854735;0;1.071;
2500980000000000714839;0;0.417;
2500980000000000558034;0;0.4069;1
2500980000000000839172;0;0.5053;
2500980000000000729019;0;1.17;1
2500980000000000814746;0;0.3461;
2500980000000000997652;1;0.1265;
2500980000000000566493;0;0.1416;0
2500980000000000682909;1;-0.0087;
2500980000000000621022;0;0.5128;1
2500980000000000520540;1;0.9314;0.5
2500980000000000790772;0;1.0877;
2500980000000000860970;0;0.7443;1
2500980000000000684286;0;0.9406;
2500980000000000564913;1;0.5835;0
2500980000000000680782;0;0.7395;
2500980000000000758863;0;-0.0684;
2500980000000000912882;0;0.5701;1
2500980000000000887920;1;0.4646;
2500980000000000527913;1;0.9055;0.5
2500980000000000632057;1;-0.1794;
2500980000000000832834;0;0.2431;
2500980000000000789042;0;0.4365;0.5
2500980000000000771997;0;0.7221;
2500980000000000632795;1;-0.1623;0
2500980000000000544779;0;0.7689;0
2500980000000000001992;0;1.0029;0
2500980000000000894168;0;0.8735;0
2500980000000000959245;0;0.6984;
2500980000000000757586;0;0.7797;0.5
2500980000000000582341;1;0.5634;0
2500980000000000593101;0;0.1454;
2500980000000001009463;0;1.1285;1
2500980000000000961095;1;0.9698;
2500980000000000931387;0;0.4242;0
2500980000000000504934;0;0.4079;0
2500980000000000639984;1;-0.0262;
2500980000000000035452;0;0.7018;0.5
2500980000000000618827;1;1.0555;
2500980000000000998278;0;0.1853;0.5
2500980000000000993805;0;0.383;
2500980000000000625133;0;1.2093;
2500980000000000495533;0;0.2168;0.5
2500980000000000716946;0;0.8741;
2500980000000000563414;0;0.465;0.5
2500980000000000923363;0;0.2198;
2500980000000000731257;1;0.6824;
2500980000000000533042;0;0.457;1
2500980000000000177125;0;0.2394;0
2500980000000000604015;0;0.6367;1
2500980000000000939904;0;0.8265;
2500980000000000483713;0;0.7939;0
2500980000000000562324;0;0.6503;1
2500980000000000891467;1;0.6929;
2500980000000000547747;0;0.9234;1
2500980000000000999768;0;0.5971;
2500980000000000335651;0;0.2797;1
2500980000000000659980;0;0.5054;0.5
2500980000000000882080;0;1.2261;
2500980000000000585018;0;1.3008;1
2500980000000000500151;0;0.7807;0.5
2500980000000000682508;0;0.6243;
2500980000000000523406;0;1.06;0.5
2500980000000000734588;0;1.0358;
2500980000000000489186;0;0.0887;0.5
2500980000000000531701;0;0.9743;0.5
2500980000000000701343;0;0.3694;
2500980000000000068093;0;0.1963;0
2500980000000000823413;0;0.5975;
2500980000000001002786;0;-0.292;1
2500980000000000972754;0;1.2731;
2500980000000000381452;0;0.9445;0
2500980000000000665842;0;0;1
2500980000000000534623;0;0;
2500980000000000603975;0;0.1245;1
2500980000000000975511;0;0.4975;
2500980000000000752387;0;0.7847;
2500980000000000514502;1;0.0358;0
2500980000000000583966;1;0.5248;
2500980000000000525820;0;0.2091;1
2500980000000000776109;0;1.1325;
2500980000000000216643;0;0.5651;0
2500980000000000568319;0;0.5964;0.5
2500980000000000990414;0;0.3387;
2500980000000000535878;0;-0.0461;0.5
2500980000000000536623;0;0.4402;0
2500980000000000761882;0;0.7284;
2500980000000000642390;0;0.0899;0.5
2500980000000000788559;0;0.4739;
2500980000000000689410;0;0.7078;1
2500980000000000583839;0;1.111;0.5
2500980000000000733469;0;0.6893;
2500980000000000579127;0;0.0314;0.5
2500980000000000872900;0;0.0397;
2500980000000000973431;0;0.6335;1
2500980000000000860761;0;1.0299;
2500980000000000779260;0;0.1136;
2500980000000000576962;0;0.2663;0.5
2500980000000000777534;0;-0.0385;
2500980000000000889844;1;0.3881;0
2500980000000000361952;1;0.4963;0
2500980000000000817641;0;0.6496;
2500980000000000242046;0;0.2764;0.5
2500980000000000309663;1;0.9313;0.5
2500980000000000818936;0;0.632;1
2500980000000000713854;0;1.3248;
2500980000000000670010;0;0.8959;
2500980000000000713716;0;0.3046;1
2500980000000000528308;0;0;
2500980000000000610294;0;0.434;1
2500980000000000603589;0;0.913;1
2500980000000000800834;0;1.1818;
2500980000000000768955;1;1.2186;0.5
2500980000000000828024;0;-0.1113;
2500980000000000598457;0;1.294;1
2500980000000000905441;0;1.369;
2500980000000000306883;0;-0.113;0
2500980000000000563170;0;0.1722;1
2500980000000000710953;0;0.5881;
2500980000000000520918;0;0.4954;0
2500980000000000587649;0;1.1685;0
2500980000000000901123;0;0.6231;
2500980000000000594713;1;1.2672;1
2500980000000000624678;0;0.1907;
2500980000000000496394;0;0.4811;0
2500980000000000515620;0;-0.0492;1
2500980000000000030592;0;0.4679;0
2500980000000000554576;0;1.2743;0
2500980000000000601292;0;0.2474;
2500980000000000673445;0;0.2009;0
2500980000000000833957;1;0.7261;
2500980000000000705292;0;1.1105;
2500980000000000909381;1;-0.2415;1
2500980000000000700046;0;1.1171;
2500980000000000867812;0;0.3237;1
2500980000000000492136;0;0.4439;1
2500980000000000317020;0;0.1708;1
2500980000000000701762;0;0.4931;0.5
2500980000000000974950;1;0.5429;
2500980000000000831535;0;0.1353;0
2500980000000000486203;0;0.8423;0.5
2500980000000000752438;0;0.705;
2500980000000000731862;0;1.061;1
2500980000000000549197;0;0.9019;
2500980000000000671117;1;1.309;1
2500980000000000888546;0;0.8038;
2500980000000000515994;0;-0.0257;
2500980000000000682383;1;0.8232;1
2500980000000000752542;0;1.0427;
2500980000000000778866;0;0.4766;1
2500980000000000877670;0;-0.226;
2500980000000000618339;0;1.1428;
2500980000000000884051;1;0.9655;1
2500980000000000785470;0;0.2188;
2500980000000000216370;0;0.9409;0
2500980000000000552510;1;0.4667;0
2500980000000000566585;0;0;
2500980000000000715791;0;0.1021;0.5
2500980000000000916874;0;1.018;
2500980000000000448736;0;0.0669;0
2500980000000000239740;0;0.3014;0.5
2500980000000001049904;0;0.4854;
2500980000000000651292;0;0.4709;0.5
2500980000000000842228;0;0.6996;
2500980000000000919280;0;0.1388;1
2500980000000000612201;0;0.9668;0
2500980000000000825390;1;0.1493;
2500980000000000575971;0;0.1774;0
2500980000000000030912;0;0.5051;0
2500980000000000666272;0;0.3468;1
2500980000000000974966;0;-0.2417;
2500980000000000657141;1;-0.0874;
2500980000000000551546;0;0.1758;0.5
2500980000000000957852;0;0.8461;
2500980000000000931126;1;0.0825;0.5
2500980000000000514164;0;0.9425;0
2500980000000000812955;0;0.1278;
2500980000000000752276;0;1.0334;0.5
2500980000000000773745;0;0.3001;
2500980000000000632705;0;0.4121;0.5
2500980000000000179173;0;0.0471;0
2500980000000000697632;0;0.0402;
2500980000000000824422;0;1.1072;1
2500980000000000946209;0;0.9846;0
2500980000000000735686;0;0.5766;
2500980000000000910425;0;-0.0371;
2500980000000000547470;0;0;1
2500980000000000801687;0;0.3466;
2500980000000000703372;0;0.5322;1
2500980000000000593840;0;0.4047;1
2500980000000000994152;0;0.5552;
2500980000000000507392;0;0.0775;1
2500980000000000666690;0;0.3181;
2500980000000000847025;0;0.7018;1
2500980000000000610662;0;0.2757;
2500980000000000721162;0;1.0517;
2500980000000000845088;0;0.63;1
2500980000000000641764;0;1.2755;
2500980000000000895682;1;1.0607;0.5
2500980000000000738360;0;0.5784;
2500980000000000724949;0;1.2116;
2500980000000001002604;0;1.1343;0
2500980000000000646885;0;1.0605;
2500980000000000606376;0;0.3938;1
2500980000000000317941;1;0.5646;1
2500980000000000515242;0;0.9372;
2500980000000000584339;0;0.2876;0
2500980000000000485999;0;0.4856;1
2500980000000000964953;0;0.8829;1
2500980000000000560504;0;-0.1266;0
2500980000000000478832;0;0.3407;0
2500980000000000776605;0;0.2729;0.5
2500980000000000597883;0;0.6931;
2500980000000000007011;0;0.1561;1
2500980000000000819223;0;1.1221;
2500980000000001050036;0;0.3364;
2500980000000000925063;0;0.4644;0
2500980000000000960024;0;0.0955;
2500980000000000634676;0;0.1976;0
2500980000000000507739;0;0.0843;0
2500980000000000787827;0;-0.4488;
2500980000000000551731;0;0.5647;1
2500980000000001009026;0;0.3889;
2500980000000000677734;0;0.2431;0
2500980000000000988398;0;1.1323;
2500980000000000715133;0;0.0457;
2500980000000000777434;0;0.615;1
2500980000000000977576;0;1.4505;
2500980000000000885934;0;0.6323;1
2500980000000000761997;1;0.2748;
2500980000000000545867;0;1.3409;
2500980000000000805388;1;0.4806;0.5
2500980000000000559557;0;-0.0493;
2500980000000000645676;1;1.1193;0.5
2500980000000000530868;0;-0.0562;0.5
2500980000000000730924;0;0.1889;
2500980000000000817035;0;0.4107;0.5
2500980000000000822690;1;0.7312;
2500980000000001001834;0;0.3784;0
2500980000000000628364;0;-0.1123;
2500980000000000187162;0;0.3199;0
2500980000000000046838;0;0.4974;0.5
2500980000000000692880;0;0.8992;
2500980000000000820400;0;0.6362;1
2500980000000000660183;0;-0.1039;
2500980000000000988799;0;0.0547;
2500980000000000771182;1;-0.1693;1
2500980000000000641868;0;1.2704;
2500980000000000994192;0;1.1521;1
2500980000000000822150;0;0.1509;
2500980000000000893541;0;-0.1534;
2500980000000000724729;0;1.2843;1
2500980000000000765578;0;0.644;
2500980000000001049676;0;0.5531;1
2500980000000000956003;0;0.3797;
2500980000000000694842;0;0.4086;
2500980000000000516537;0;-0.1026;1
2500980000000000222143;0;-0.1517;1
2500980000000000995385;0;0.5964;0
2500980000000001009543;0;0.7258;
2500980000000000894240;0;0.1464;
2500980000000000790894;0;0.4337;1
2500980000000000998277;0;0.9188;
2500980000000000651443;0;0.9981;0
2500980000000001000429;0;1.3469;
2500980000000000646370;0;-0.3374;
2500980000000001082177;0;0;1
2500980000000000977388;0;0.6336;
2500980000000001003031;0;0.4524;1
2500980000000000323731;0;0.7039;1
2500980000000000305731;0;0.7524;0
2500980000000000863826;0;0.1577;0.5
2500980000000000859700;0;0.9513;
2500980000000000771847;0;-0.2855;0
2500980000000000032585;0;0.9663;1
2500980000000000842213;0;0.8934;
2500980000000000700890;1;0.4881;1
2500980000000001009848;0;1.341;0
2500980000000000727115;0;-0.0585;0
2500980000000000723089;0;0.3456;
2500980000000000900673;0;0.8406;
2500980000000000578630;0;0.7872;1
2500980000000000675082;0;-0.0059;
2500980000000000670888;1;0.1397;1
2500980000000000897276;0;-0.0328;
2500980000000000790544;0;1.3971;
2500980000000000683100;0;0.9329;0
2500980000000000878945;0;0.806;
2500980000000000836790;0;1.1728;0
2500980000000000688638;0;0.0583;
2500980000000000547692;0;0.3829;
2500980000000000464643;0;-0.0051;1
2500980000000000498842;0;0.1792;
2500980000000000875453;0;0.4201;0.5
2500980000000000810588;0;1.0433;
2500980000000000703755;0;0.7045;
2500980000000000899198;0;0.3346;1
2500980000000000598819;0;0.7313;
2500980000000000178834;1;0.6579;0
2500980000000000767766;0;-0.0532;
2500980000000001020922;0;0.1002;
2500980000000000866450;1;-0.0194;1
2500980000000000544690;0;0.7913;
2500980000000000478357;0;0.6962;1
2500980000000000446288;0;0.4476;1
2500980000000000619136;0;-0.3445;
2500980000000000962136;0;1.0967;0
2500980000000000652124;0;0.5326;
2500980000000000603199;0;-0.144;0
2500980000000000706110;0;0.5494;
2500980000000000496882;0;1.0327;
2500980000000000036990;0;0.1032;0
2500980000000000917631;0;0;
2500980000000000961369;0;0.0703;1
2500980000000000873167;0;1.0401;
2500980000000000677876;0;0.5096;
2500980000000000510470;0;0.5792;1
2500980000000000789737;0;-0.0885;
2500980000000000743508;0;1.4973;0.5
2500980000000000541183;0;-0.0627;0
2500980000000000873010;1;0.569;
2500980000000000644772;0;0;0.5
2500980000000000047085;1;0.2929;1
2500980000000000772840;1;0.3626;1
2500980000000000585456;0;0.0239;1
2500980000000000776092;0;0.8278;
2500980000000000734020;0;0.0479;0.5
2500980000000000927223;0;0.0266;
2500980000000000565482;1;0.6271;0
2500980000000000580438;1;0.7948;0.5
2500980000000000852648;0;-0.418;
2500980000000000576114;0;0.8868;1
2500980000000000715417;0;1.3104;
2500980000000000641004;0;0.6434;0.5
2500980000000000915916;0;0.9444;
2500980000000000539078;0;1.3307;
2500980000000000886985;1;0.4735;1
2500980000000000759574;0;0.5764;
2500980000000000569362;0;1.1983;1
2500980000000000576251;0;1.4794;0
2500980000000000483420;0;0.5876;0
2500980000000000068062;0;0.9342;1
2500980000000000562532;0;0.3037;
2500980000000000636542;0;0.2784;1
2500980000000000490216;0;0.3572;0.5
2500980000000000370262;0;0.323;0
2500980000000000642072;0;-0.0911;0.5
2500980000000000356713;0;0.2826;0.5
2500980000000000866766;0;1.2032;1
2500980000000000941366;0;0.3589;
2500980000000000724804;1;0.4986;
2500980000000000650555;0;0.4474;0.5
2500980000000000853927;0;0.4559;
2500980000000000630046;0;0.0715;1
2500980000000000722422;0;1.0094;
2500980000000000898529;0;0.5916;
2500980000000000608103;1;0.8809;0.5
2500980000000000964152;0;1.3742;
2500980000000000700263;0;0.5356;1
2500980000000000608302;0;0.1304;1
2500980000000000629625;0;0.4702;
2500980000000000525138;0;1.0842;1
2500980000000000349880;1;0.272;0
2500980000000000576413;0;-0.123;0
2500980000000000883565;0;0.6163;
2500980000000000719104;0;0.0592;0.5
2500980000000001074556;0;0.8961;0
2500980000000000913636;1;0.6859;
2500980000000000511563;1;0.3105;0.5
2500980000000000863676;0;0.435;
2500980000000000617398;0;0.8957;
2500980000000000976880;0;0.0213;1
2500980000000000595612;0;0.7002;
2500980000000000485245;0;0.4265;1
2500980000000000647632;0;0;
2500980000000000511712;0;0.3377;
2500980000000000692273;0;0.8371;0.5
2500980000000000493050;0;0.453;1
2500980000000000617029;0;0.1054;0
2500980000000000922050;0;-0.5013;
2500980000000000605784;0;0.1178;
2500980000000000513381;0;0.8873;0
2500980000000000971292;0;1.0407;
2500980000000000623407;0;0.2697;0
2500980000000000756391;0;0.5408;
2500980000000000965573;0;0.8299;
2500980000000000966104;0;1.0821;1
2500980000000000829088;0;0.2802;
2500980000000000858131;0;-0.1663;1
2500980000000000966548;0;0.5144;
2500980000000000505128;0;0.2303;
2500980000000000989874;0;0.9065;0.5
2500980000000000702804;0;0.5149;
2500980000000000022703;0;-0.1312;1
2500980000000000821569;0;0.6612;
2500980000000001008809;0;1.1305;
2500980000000000642965;0;1.0662;1
2500980000000000078589;1;0.1023;0
2500980000000000531517;0;-0.1177;0.5
2500980000000000709806;0;0.453;
2500980000000000657446;0;0.2596;
2500980000000000686390;0;1.2036;1
2500980000000000851681;0;0.2664;
2500980000000000949079;0;-0.4108;0.5
2500980000000000823775;0;0.9021;
2500980000000000557417;0;0.8185;
2500980000000000639808;0;0.5979;0.5
2500980000000000577647;0;0.616;
2500980000000000600007;0;1.023;0.5
2500980000000000571467;0;0.9561;0.5
2500980000000000827231;0;0.1533;
2500980000000000800097;0;0.3694;0.5
2500980000000000610778;0;0.4123;
2500980000000000934095;1;0.5056;0
2500980000000000387379;0;-0.1218;0
2500980000000000528319;0;-0.2767;
2500980000000000629931;0;0.3164;0.5
2500980000000000960543;0;0.8593;
2500980000000001000138;0;1.0231;0
2500980000000000839865;0;-0.1105;
2500980000000000561592;0;0.4256;
2500980000000000659913;0;-0.1365;0.5
2500980000000000604029;0;1.238;
2500980000000000528637;0;0.3074;0
2500980000000000523436;0;0.5772;0
2500980000000000625316;0;0.2061;
2500980000000000651499;0;0.902;1
2500980000000000787448;0;0.9644;
2500980000000000769727;0;0.8995;0
2500980000000000902081;0;-0.3711;
2500980000000000495724;0;-0.0727;0
2500980000000000516079;0;0.4105;0.5
2500980000000000080506;1;0.3622;1
2500980000000001015526;0;0.4805;1
2500980000000000975054;0;1.1372;
2500980000000001004744;0;0.7342;
2500980000000001011587;0;0.1924;0.5
2500980000000001010612;0;0.5278;0
2500980000000000819590;0;0.7562;
2500980000000000834521;0;0.7493;
2500980000000000522114;1;0.1358;0
2500980000000000507711;0;0.2312;
2500980000000000497785;0;1.0889;1
2500980000000000984218;0;0.9138;
2500980000000000477256;0;-0.0176;0
2500980000000000950408;0;0.2431;0.5
2500980000000000785484;1;0.6439;
2500980000000000046880;0;0.3869;0.5
2500980000000000497386;1;0.5056;0
2500980000000000719797;0;0.1231;
2500980000000000601784;0;-0.0986;0.5
2500980000000000720373;0;0.1376;
2500980000000000880580;0;0.8939;1
2500980000000000640289;0;-0.1192;
2500980000000000917153;1;1.1781;
2500980000000000833932;0;0.2175;1
2500980000000001012275;0;0.0638;
2500980000000000073235;1;0.1056;0
2500980000000000722351;0;0;
2500980000000000734889;1;0.5056;
2500980000000000681138;0;0.6275;0.5
2500980000000000718508;0;0.5763;0
2500980000000000038306;0;1.1557;0
2500980000000000071573;0;0.1829;0
2500980000000000638591;0;0.1787;
2500980000000000586157;0;1.3795;0.5
2500980000000000452679;1;0.1781;0.5
2500980000000000552504;0;-0.0897;1
2500980000000000333115;0;0.4426;0
2500980000000000986018;0;1.215;
2500980000000000514632;0;0.2279;1
2500980000000000801967;0;0.9617;
2500980000000000545825;0;0.3782;1
2500980000000000898009;0;1.0876;
2500980000000000925262;0;0.1703;
2500980000000001059816;0;0.132;0.5
2500980000000000348821;0;0.5848;0
2500980000000000497835;0;1.261;0
2500980000000000622346;0;1.0335;
2500980000000000644517;1;1.0245;
2500980000000000862719;0;0;1
2500980000000000218361;1;0.1959;0.5
2500980000000000761432;0;0.3531;0
2500980000000000019087;1;-0.1172;1
2500980000000000585947;0;0.9117;
2500980000000000545012;0;0.8755;1
2500980000000000940509;0;0.9354;
2500980000000001006692;1;0.8679;1
2500980000000000554701;0;0.5018;0.5
2500980000000000947436;0;-0.1435;
2500980000000000487849;0;-0.0101;0
2500980000000000777665;0;-0.0284;
2500980000000001003020;0;0.7065;0.5
2500980000000000666547;0;0.2668;
2500980000000000611275;0;0.6402;
2500980000000000387172;0;0.7361;0
2500980000000000632239;0;0.393;
2500980000000000306122;0;0.6726;1
2500980000000000309330;0;0.5613;0.5
2500980000000000537501;0;0.2371;
2500980000000001007691;0;0.5247;1
2500980000000000836319;0;0.2445;
2500980000000000477353;0;0.8879;1
2500980000000000994767;0;0.9731;
2500980000000000578321;0;0.6472;
2500980000000000640152;0;0.6394;0.5
2500980000000000996064;0;0.3886;
2500980000000000796666;0;0.5048;0
2500980000000000608462;0;0.8297;
2500980000000000499041;0;0.1664;
2500980000000000547829;1;0.5716;1
2500980000000000593957;0;0.3229;
2500980000000000450128;0;0.2476;1
2500980000000000879007;0;0.6954;
2500980000000000505096;0;0.9189;
2500980000000000525534;0;0.6033;1
2500980000000000531826;0;0.8493;
2500980000000000605767;0;0.7494;0
2500980000000000526937;0;1.1176;0.5
2500980000000000552971;1;-0.0855;
2500980000000000932283;0;0.327;0.5
2500980000000000823350;0;0.5174;
2500980000000000873912;0;0.5014;1
2500980000000000884376;0;1.2902;
2500980000000000562340;1;0.4705;
2500980000000000499175;0;0.2687;1
2500980000000000556038;0;0.6743;
2500980000000000683139;0;0.8184;0
2500980000000000565430;0;0.1693;0.5
2500980000000000387358;0;-0.468;0
2500980000000000544145;0;0.1498;0.5
2500980000000001020610;0;0.477;
2500980000000000717938;0;1.0946;0
2500980000000000793735;0;-0.2151;
2500980000000000722452;0;0.7112;
2500980000000000571512;0;-0.0451;0
2500980000000000546008;0;0.0703;
2500980000000000579439;0;1.0236;1
2500980000000000856326;0;0.7254;
2500980000000000521150;0;-0.0766;
2500980000000000494884;0;-0.3005;1
2500980000000000633438;0;0.1705;
2500980000000000592628;0;0.3667;1
2500980000000000940283;1;-0.3792;
2500980000000000798232;0;0.7316;
2500980000000000728510;0;0.3523;1
2500980000000000546659;0;-0.0248;
2500980000000000792022;1;0.1475;1
2500980000000000714553;0;0.1693;
2500980000000000736004;0;0.1825;
2500980000000000749147;1;-0.1062;0
2500980000000000750869;0;0.4315;
2500980000000000927453;0;0.7115;0
2500980000000000575370;0;1.0949;0
2500980000000000525024;1;0.7603;
2500980000000000780615;0;-0.0606;1
2500980000000000488104;1;0.1019;
2500980000000000524966;1;0.1123;1
2500980000000000703944;0;0.5595;
2500980000000000942784;0;0.4782;
2500980000000000605776;0;0.1868;1
2500980000000000828472;0;-0.1299;
2500980000000000839768;0;0.4851;0
2500980000000000675671;0;1.1959;
2500980000000000595543;0;0.2236;
2500980000000000820120;0;0.3255;0.5
2500980000000000823270;0;1.2573;
2500980000000000854874;0;-0.2899;0.5
2500980000000000972134;0;0.6218;
2500980000000000595622;0;0.2398;
2500980000000000886251;0;0.1909;1
2500980000000000707559;0;0.7296;
2500980000000000807090;0;0.0788;0
2500980000000000841488;0;1.0345;
2500980000000000904427;1;-0.0219;
2500980000000000879331;0;0.1734;1
2500980000000000598007;0;0.6357;
2500980000000000811892;0;0.7513;0.5
2500980000000000304792;0;0.2689;0
2500980000000000532710;1;0.5913;
2500980000000000512355;0;0.9434;1
2500980000000000552537;0;0.0959;
2500980000000000651570;0;-0.1879;0.5
2500980000000000536184;0;0.2583;0.5
2500980000000000385270;0;0.9567;1
2500980000000000900081;0;0.3463;1
2500980000000000666141;0;1.2336;
2500980000000000882492;0;0.9046;1
2500980000000000767701;0;1.2607;
2500980000000000760220;1;0.6274;
2500980000000000912144;0;0.3518;1
2500980000000000981871;0;0.1907;
2500980000000001001213;0;-0.497;0
2500980000000000864624;0;-0.1689;
2500980000000000956102;0;1.5331;
2500980000000000936585;0;0.6715;0.5
2500980000000000767874;0;-0.1265;0
2500980000000000582449;0;0.0037;0.5
2500980000000000822902;1;0.4606;
2500980000000000608710;0;0.2152;0.5
2500980000000000661749;0;0.4683;
2500980000000000848297;0;1.0455;0.5
2500980000000000511935;0;0.8675;0.5
2500980000000000585156;1;1.0113;
2500980000000000855251;0;0.3238;0
2500980000000000798836;0;-0.0675;
2500980000000000832295;0;0.4532;1
2500980000000000731351;0;1.0992;
2500980000000000957851;0;0.0989;
2500980000000000938286;0;0.4838;1
2500980000000000609362;0;0;
2500980000000000501951;1;0.5036;0
2500980000000000636988;0;0.3642;
2500980000000000318609;0;0.8456;0.5
2500980000000000676271;0;1.4146;0
2500980000000000545910;0;0.2238;
2500980000000000531786;0;0.4195;0.5
2500980000000000879221;0;0.8789;
2500980000000000975708;0;0.364;
2500980000000000188454;0;0.8882;0.5
2500980000000000621199;0;0.4558;
2500980000000000732957;0;1.1667;1
2500980000000000612966;0;0.3952;
2500980000000001016718;0;0.1579;
2500980000000001065498;0;1.037;0
2500980000000000844887;0;0.3706;
2500980000000000632901;0;0.574;1
2500980000000000563569;1;0.3505;0
2500980000000000230184;0;1.0532;0
2500980000000000019662;0;0.838;0
2500980000000000645648;0;0.6537;
2500980000000000940643;0;0.6615;0.5
2500980000000000204973;0;1.3693;0.5
2500980000000000770414;0;0.5802;
2500980000000000538287;0;0.6703;1
2500980000000000702405;0;0.1856;
2500980000000000631888;1;1.195;0.5
2500980000000001000104;0;1.3404;
2500980000000000330310;1;0.1308;0.5
2500980000000000947492;0;0.9541;0
2500980000000000515394;0;0.9184;
2500980000000000550268;0;0.0339;0
2500980000000000764965;0;0.5802;
2500980000000000727930;0;0.0139;
2500980000000000991725;0;0.4078;1
2500980000000000624096;0;0.7716;
2500980000000000517101;0;0.2006;0
2500980000000000601056;0;0.2501;1
2500980000000001001540;0;1.1011;
2500980000000000522877;0;0.2367;1
2500980000000000883160;0;0.5036;
2500980000000000566342;0;0.05;0.5
2500980000000000753180;0;1.0474;
2500980000000001000343;0;1.3701;
2500980000000000945000;0;0.0561;1
2500980000000000324927;0;0.5948;0
2500980000000000223326;0;0.1674;0.5
2500980000000000822136;0;0.3406;
2500980000000000182503;0;1.1222;0
2500980000000000859510;0;1.0383;
2500980000000000591613;0;1.1555;
2500980000000000651710;0;0.2436;
2500980000000000345960;0;0.4088;0